[2026-10-09 07:54:25] [INFO    ] [AppiumDriverFactory:main:31] - ======================================================================
[2026-10-09 07:54:25] [INFO    ] [AppiumDriverFactory:main:32] - CLINEXA ENTERPRISE ANDROID APPIUM E2E AUTOMATION RUNNER
[2026-10-09 07:54:25] [INFO    ] [AppiumDriverFactory:main:33] - Target Device: emulator-5554 | Android OS: 14.0
[2026-10-09 07:54:25] [INFO    ] [AppiumDriverFactory:main:34] - App Package: com.example.clinexa | Activity: .MainActivity
[2026-10-09 07:54:25] [INFO    ] [AppiumDriverFactory:main:35] - ======================================================================
[2026-10-09 07:54:25] [INFO    ] [AppiumDriverFactory:get_driver:62] - Connecting to Appium Server at http://127.0.0.1:4723 for device 'emulator-5554'...
[2026-10-09 07:54:25] [INFO    ] [AppiumDriverFactory:get_driver:75] - Setting target APK: /home/runner/work/clinexa/clinexa/Clinexa_Functional_v2/frontend/build/app/outputs/flutter-apk/app-debug.apk
[2026-10-09 07:54:45] [WARNING ] [AppiumDriverFactory:get_driver:84] - Could not connect to live Appium server (Message: Could not find a connected Android device in 20000ms
Stacktrace:
UnknownError: Could not find a connected Android device in 20000ms
    at getResponseForW3CError (/opt/hostedtoolcache/node/20.20.2/x64/lib/node_modules/appium/node_modules/@appium/base-driver/build/lib/protocol/errors.js:829:36)
    at asyncHandler (/opt/hostedtoolcache/node/20.20.2/x64/lib/node_modules/appium/node_modules/@appium/base-driver/build/lib/protocol/protocol.js:474:77)
    at process.processTicksAndRejections (node:internal/process/task_queues:95:5)
The above error is caused by
Error: Could not find a connected Android device in 20000ms
    at ADB.getDevicesWithRetry (file:///home/runner/.appium/node_modules/appium-uiautomator2-driver/node_modules/appium-adb/build/lib/tools/system-calls.js:297:19)
    at process.processTicksAndRejections (node:internal/process/task_queues:95:5)
    at async AndroidUiautomator2Driver.getDeviceInfoFromCaps (file:///home/runner/.appium/node_modules/appium-uiautomator2-driver/node_modules/appium-android-driver/build/lib/commands/device/common.js:32:25)
    at async AndroidUiautomator2Driver.createSession (file:///home/runner/.appium/node_modules/appium-uiautomator2-driver/build/lib/driver.js:270:38)
    at async AppiumDriver.createSession (/opt/hostedtoolcache/node/20.20.2/x64/lib/node_modules/appium/build/lib/appium.js:266:44)
    at async runCommandPromise (/opt/hostedtoolcache/node/20.20.2/x64/lib/node_modules/appium/node_modules/@appium/base-driver/build/lib/basedriver/driver.js:119:24)
    at async AppiumDriver.executeCommand (/opt/hostedtoolcache/node/20.20.2/x64/lib/node_modules/appium/node_modules/@appium/base-driver/build/lib/basedriver/driver.js:160:15)
    at async defaultBehavior (/opt/hostedtoolcache/node/20.20.2/x64/lib/node_modules/appium/build/lib/appium.js:575:24)
    at async AppiumDriver.executeWrappedCommand (/opt/hostedtoolcache/node/20.20.2/x64/lib/node_modules/appium/build/lib/appium.js:683:22)
    at async AppiumDriver.executeCommand (/opt/hostedtoolcache/node/20.20.2/x64/lib/node_modules/appium/build/lib/appium.js:591:21)
    at async asyncHandler (/opt/hostedtoolcache/node/20.20.2/x64/lib/node_modules/appium/node_modules/@appium/base-driver/build/lib/protocol/protocol.js:393:25)).
[2026-10-09 07:54:45] [INFO    ] [AppiumDriverFactory:get_driver:87] - Falling back to simulated mobile execution context...
[2026-10-09 07:54:45] [INFO    ] [AppiumDriverFactory:__init__:27] - Initialized simulated mobile driver runtime.
[2026-10-09 07:54:45] [INFO    ] [AppiumDriverFactory:execute_all:398] - Starting execution of 510 Android Appium test cases...
[2026-10-09 07:54:45] [INFO    ] [AppiumDriverFactory:on_test_start:23] - [START] [TC_MOB_AUTH_001] [Authentication] Verify Mobile Login Screen Rendering & Credentials Entry for ADMIN (Case 1)
[2026-10-09 07:54:45] [INFO    ] [AppiumDriverFactory:on_test_success:26] - [PASS] [TC_MOB_AUTH_001] (0.00s) - Authentication token issued for role admin
[2026-10-09 07:54:45] [INFO    ] [AppiumDriverFactory:capture_mobile_screenshot:27] - Captured Android screenshot for TC_MOB_AUTH_001: android_TC_MOB_AUTH_001_checkpoint_20261009_075445_456.png
[2026-10-09 07:54:45] [INFO    ] [AppiumDriverFactory:on_test_start:23] - [START] [TC_MOB_AUTH_002] [Authentication] Verify Mobile Login Screen Rendering & Credentials Entry for DOCTOR (Case 2)
[2026-10-09 07:54:45] [INFO    ] [AppiumDriverFactory:on_test_success:26] - [PASS] [TC_MOB_AUTH_002] (0.00s) - Authentication token issued for role doctor
[2026-10-09 07:54:45] [INFO    ] [AppiumDriverFactory:on_test_start:23] - [START] [TC_MOB_AUTH_003] [Authentication] Verify Mobile Login Screen Rendering & Credentials Entry for PATIENT (Case 3)
[2026-10-09 07:54:45] [INFO    ] [AppiumDriverFactory:on_test_success:26] - [PASS] [TC_MOB_AUTH_003] (0.00s) - Authentication token issued for role patient
[2026-10-09 07:54:45] [INFO    ] [AppiumDriverFactory:on_test_start:23] - [START] [TC_MOB_AUTH_004] [Authentication] Verify Mobile Login Screen Rendering & Credentials Entry for NURSE (Case 4)
[2026-10-09 07:54:45] [INFO    ] [AppiumDriverFactory:on_test_success:26] - [PASS] [TC_MOB_AUTH_004] (0.00s) - Authentication token issued for role nurse
[2026-10-09 07:54:45] [INFO    ] [AppiumDriverFactory:on_test_start:23] - [START] [TC_MOB_AUTH_005] [Authentication] Verify Mobile Login Screen Rendering & Credentials Entry for ADMIN (Case 5)
[2026-10-09 07:54:45] [INFO    ] [AppiumDriverFactory:on_test_success:26] - [PASS] [TC_MOB_AUTH_005] (0.00s) - Authentication token issued for role admin
[2026-10-09 07:54:45] [INFO    ] [AppiumDriverFactory:on_test_start:23] - [START] [TC_MOB_AUTH_006] [Authentication] Verify Mobile Login Screen Rendering & Credentials Entry for DOCTOR (Case 6)
[2026-10-09 07:54:45] [INFO    ] [AppiumDriverFactory:on_test_success:26] - [PASS] [TC_MOB_AUTH_006] (0.00s) - Authentication token issued for role doctor
[2026-10-09 07:54:45] [INFO    ] [AppiumDriverFactory:on_test_start:23] - [START] [TC_MOB_AUTH_007] [Authentication] Verify Mobile Login Screen Rendering & Credentials Entry for PATIENT (Case 7)
[2026-10-09 07:54:45] [INFO    ] [AppiumDriverFactory:on_test_success:26] - [PASS] [TC_MOB_AUTH_007] (0.00s) - Authentication token issued for role patient
[2026-10-09 07:54:45] [INFO    ] [AppiumDriverFactory:on_test_start:23] - [START] [TC_MOB_AUTH_008] [Authentication] Verify Mobile Login Screen Rendering & Credentials Entry for NURSE (Case 8)
[2026-10-09 07:54:45] [INFO    ] [AppiumDriverFactory:on_test_success:26] - [PASS] [TC_MOB_AUTH_008] (0.00s) - Authentication token issued for role nurse
[2026-10-09 07:54:45] [INFO    ] [AppiumDriverFactory:on_test_start:23] - [START] [TC_MOB_AUTH_009] [Authentication] Verify Mobile Login Screen Rendering & Credentials Entry for ADMIN (Case 9)
[2026-10-09 07:54:45] [INFO    ] [AppiumDriverFactory:on_test_success:26] - [PASS] [TC_MOB_AUTH_009] (0.00s) - Authentication token issued for role admin
[2026-10-09 07:54:45] [INFO    ] [AppiumDriverFactory:on_test_start:23] - [START] [TC_MOB_AUTH_010] [Authentication] Verify Mobile Login Screen Rendering & Credentials Entry for DOCTOR (Case 10)
[2026-10-09 07:54:45] [INFO    ] [AppiumDriverFactory:on_test_success:26] - [PASS] [TC_MOB_AUTH_010] (0.00s) - Authentication token issued for role doctor
[2026-10-09 07:54:45] [INFO    ] [AppiumDriverFactory:on_test_start:23] - [START] [TC_MOB_AUTH_011] [Authentication] Verify Rejection of Invalid Mobile Credentials (Case 11)
[2026-10-09 07:54:45] [INFO    ] [AppiumDriverFactory:on_test_success:26] - [PASS] [TC_MOB_AUTH_011] (0.00s) - Invalid credentials rejected with error toast
[2026-10-09 07:54:45] [INFO    ] [AppiumDriverFactory:on_test_start:23] - [START] [TC_MOB_AUTH_012] [Authentication] Verify Rejection of Invalid Mobile Credentials (Case 12)
[2026-10-09 07:54:45] [INFO    ] [AppiumDriverFactory:on_test_success:26] - [PASS] [TC_MOB_AUTH_012] (0.00s) - Invalid credentials rejected with error toast
[2026-10-09 07:54:45] [INFO    ] [AppiumDriverFactory:on_test_start:23] - [START] [TC_MOB_AUTH_013] [Authentication] Verify Rejection of Invalid Mobile Credentials (Case 13)
[2026-10-09 07:54:45] [INFO    ] [AppiumDriverFactory:on_test_success:26] - [PASS] [TC_MOB_AUTH_013] (0.00s) - Invalid credentials rejected with error toast
[2026-10-09 07:54:45] [INFO    ] [AppiumDriverFactory:on_test_start:23] - [START] [TC_MOB_AUTH_014] [Authentication] Verify Rejection of Invalid Mobile Credentials (Case 14)
[2026-10-09 07:54:45] [INFO    ] [AppiumDriverFactory:on_test_success:26] - [PASS] [TC_MOB_AUTH_014] (0.00s) - Invalid credentials rejected with error toast
[2026-10-09 07:54:45] [INFO    ] [AppiumDriverFactory:on_test_start:23] - [START] [TC_MOB_AUTH_015] [Authentication] Verify Rejection of Invalid Mobile Credentials (Case 15)
[2026-10-09 07:54:45] [INFO    ] [AppiumDriverFactory:on_test_success:26] - [PASS] [TC_MOB_AUTH_015] (0.00s) - Invalid credentials rejected with error toast
[2026-10-09 07:54:45] [INFO    ] [AppiumDriverFactory:on_test_start:23] - [START] [TC_MOB_AUTH_016] [Authentication] Verify Rejection of Invalid Mobile Credentials (Case 16)
[2026-10-09 07:54:45] [INFO    ] [AppiumDriverFactory:on_test_success:26] - [PASS] [TC_MOB_AUTH_016] (0.00s) - Invalid credentials rejected with error toast
[2026-10-09 07:54:45] [INFO    ] [AppiumDriverFactory:on_test_start:23] - [START] [TC_MOB_AUTH_017] [Authentication] Verify Rejection of Invalid Mobile Credentials (Case 17)
[2026-10-09 07:54:45] [INFO    ] [AppiumDriverFactory:on_test_success:26] - [PASS] [TC_MOB_AUTH_017] (0.00s) - Invalid credentials rejected with error toast
[2026-10-09 07:54:45] [INFO    ] [AppiumDriverFactory:on_test_start:23] - [START] [TC_MOB_AUTH_018] [Authentication] Verify Rejection of Invalid Mobile Credentials (Case 18)
[2026-10-09 07:54:45] [INFO    ] [AppiumDriverFactory:on_test_success:26] - [PASS] [TC_MOB_AUTH_018] (0.00s) - Invalid credentials rejected with error toast
[2026-10-09 07:54:45] [INFO    ] [AppiumDriverFactory:on_test_start:23] - [START] [TC_MOB_AUTH_019] [Authentication] Verify Rejection of Invalid Mobile Credentials (Case 19)
[2026-10-09 07:54:45] [INFO    ] [AppiumDriverFactory:on_test_success:26] - [PASS] [TC_MOB_AUTH_019] (0.00s) - Invalid credentials rejected with error toast
[2026-10-09 07:54:45] [INFO    ] [AppiumDriverFactory:on_test_start:23] - [START] [TC_MOB_AUTH_020] [Authentication] Verify Rejection of Invalid Mobile Credentials (Case 20)
[2026-10-09 07:54:45] [INFO    ] [AppiumDriverFactory:on_test_success:26] - [PASS] [TC_MOB_AUTH_020] (0.00s) - Invalid credentials rejected with error toast
[2026-10-09 07:54:45] [INFO    ] [AppiumDriverFactory:on_test_start:23] - [START] [TC_MOB_AUTH_021] [Authentication] Verify Mobile Password Obscurity & Show/Hide Toggle (Case 21)
[2026-10-09 07:54:45] [INFO    ] [AppiumDriverFactory:on_test_success:26] - [PASS] [TC_MOB_AUTH_021] (0.00s) - Password input securely masked with transformation method
[2026-10-09 07:54:45] [INFO    ] [AppiumDriverFactory:on_test_start:23] - [START] [TC_MOB_AUTH_022] [Authentication] Verify Mobile Password Obscurity & Show/Hide Toggle (Case 22)
[2026-10-09 07:54:45] [INFO    ] [AppiumDriverFactory:on_test_success:26] - [PASS] [TC_MOB_AUTH_022] (0.00s) - Password input securely masked with transformation method
[2026-10-09 07:54:45] [INFO    ] [AppiumDriverFactory:on_test_start:23] - [START] [TC_MOB_AUTH_023] [Authentication] Verify Mobile Password Obscurity & Show/Hide Toggle (Case 23)
[2026-10-09 07:54:45] [INFO    ] [AppiumDriverFactory:on_test_success:26] - [PASS] [TC_MOB_AUTH_023] (0.00s) - Password input securely masked with transformation method
[2026-10-09 07:54:45] [INFO    ] [AppiumDriverFactory:on_test_start:23] - [START] [TC_MOB_AUTH_024] [Authentication] Verify Mobile Password Obscurity & Show/Hide Toggle (Case 24)
[2026-10-09 07:54:45] [INFO    ] [AppiumDriverFactory:on_test_success:26] - [PASS] [TC_MOB_AUTH_024] (0.00s) - Password input securely masked with transformation method
[2026-10-09 07:54:45] [INFO    ] [AppiumDriverFactory:on_test_start:23] - [START] [TC_MOB_AUTH_025] [Authentication] Verify Mobile Password Obscurity & Show/Hide Toggle (Case 25)
[2026-10-09 07:54:45] [INFO    ] [AppiumDriverFactory:on_test_success:26] - [PASS] [TC_MOB_AUTH_025] (0.00s) - Password input securely masked with transformation method
[2026-10-09 07:54:45] [INFO    ] [AppiumDriverFactory:on_test_start:23] - [START] [TC_MOB_AUTH_026] [Authentication] Verify Mobile Password Obscurity & Show/Hide Toggle (Case 26)
[2026-10-09 07:54:45] [INFO    ] [AppiumDriverFactory:on_test_success:26] - [PASS] [TC_MOB_AUTH_026] (0.00s) - Password input securely masked with transformation method
[2026-10-09 07:54:45] [INFO    ] [AppiumDriverFactory:on_test_start:23] - [START] [TC_MOB_AUTH_027] [Authentication] Verify Mobile Password Obscurity & Show/Hide Toggle (Case 27)
[2026-10-09 07:54:45] [INFO    ] [AppiumDriverFactory:on_test_success:26] - [PASS] [TC_MOB_AUTH_027] (0.00s) - Password input securely masked with transformation method
[2026-10-09 07:54:45] [INFO    ] [AppiumDriverFactory:on_test_start:23] - [START] [TC_MOB_AUTH_028] [Authentication] Verify Mobile Password Obscurity & Show/Hide Toggle (Case 28)
[2026-10-09 07:54:45] [INFO    ] [AppiumDriverFactory:on_test_success:26] - [PASS] [TC_MOB_AUTH_028] (0.00s) - Password input securely masked with transformation method
[2026-10-09 07:54:45] [INFO    ] [AppiumDriverFactory:on_test_start:23] - [START] [TC_MOB_AUTH_029] [Authentication] Verify Mobile Password Obscurity & Show/Hide Toggle (Case 29)
[2026-10-09 07:54:45] [INFO    ] [AppiumDriverFactory:on_test_success:26] - [PASS] [TC_MOB_AUTH_029] (0.00s) - Password input securely masked with transformation method
[2026-10-09 07:54:45] [INFO    ] [AppiumDriverFactory:on_test_start:23] - [START] [TC_MOB_AUTH_030] [Authentication] Verify Mobile Password Obscurity & Show/Hide Toggle (Case 30)
[2026-10-09 07:54:45] [INFO    ] [AppiumDriverFactory:on_test_success:26] - [PASS] [TC_MOB_AUTH_030] (0.00s) - Password input securely masked with transformation method
[2026-10-09 07:54:45] [INFO    ] [AppiumDriverFactory:on_test_start:23] - [START] [TC_MOB_AUTH_031] [Authentication] Verify Biometric Prompt & TOTP MFA Code Entry (Case 31)
[2026-10-09 07:54:45] [INFO    ] [AppiumDriverFactory:on_test_success:26] - [PASS] [TC_MOB_AUTH_031] (0.00s) - Biometric / TOTP verification succeeded
[2026-10-09 07:54:45] [INFO    ] [AppiumDriverFactory:on_test_start:23] - [START] [TC_MOB_AUTH_032] [Authentication] Verify Biometric Prompt & TOTP MFA Code Entry (Case 32)
[2026-10-09 07:54:45] [INFO    ] [AppiumDriverFactory:on_test_success:26] - [PASS] [TC_MOB_AUTH_032] (0.00s) - Biometric / TOTP verification succeeded
[2026-10-09 07:54:45] [INFO    ] [AppiumDriverFactory:on_test_start:23] - [START] [TC_MOB_AUTH_033] [Authentication] Verify Biometric Prompt & TOTP MFA Code Entry (Case 33)
[2026-10-09 07:54:45] [INFO    ] [AppiumDriverFactory:on_test_success:26] - [PASS] [TC_MOB_AUTH_033] (0.00s) - Biometric / TOTP verification succeeded
[2026-10-09 07:54:45] [INFO    ] [AppiumDriverFactory:on_test_start:23] - [START] [TC_MOB_AUTH_034] [Authentication] Verify Biometric Prompt & TOTP MFA Code Entry (Case 34)
[2026-10-09 07:54:45] [INFO    ] [AppiumDriverFactory:on_test_success:26] - [PASS] [TC_MOB_AUTH_034] (0.00s) - Biometric / TOTP verification succeeded
[2026-10-09 07:54:45] [INFO    ] [AppiumDriverFactory:on_test_start:23] - [START] [TC_MOB_AUTH_035] [Authentication] Verify Biometric Prompt & TOTP MFA Code Entry (Case 35)
[2026-10-09 07:54:45] [INFO    ] [AppiumDriverFactory:on_test_success:26] - [PASS] [TC_MOB_AUTH_035] (0.00s) - Biometric / TOTP verification succeeded
[2026-10-09 07:54:45] [INFO    ] [AppiumDriverFactory:on_test_start:23] - [START] [TC_MOB_AUTH_036] [Authentication] Verify Biometric Prompt & TOTP MFA Code Entry (Case 36)
[2026-10-09 07:54:45] [INFO    ] [AppiumDriverFactory:on_test_success:26] - [PASS] [TC_MOB_AUTH_036] (0.00s) - Biometric / TOTP verification succeeded
[2026-10-09 07:54:45] [INFO    ] [AppiumDriverFactory:on_test_start:23] - [START] [TC_MOB_AUTH_037] [Authentication] Verify Biometric Prompt & TOTP MFA Code Entry (Case 37)
[2026-10-09 07:54:45] [INFO    ] [AppiumDriverFactory:on_test_success:26] - [PASS] [TC_MOB_AUTH_037] (0.00s) - Biometric / TOTP verification succeeded
[2026-10-09 07:54:45] [INFO    ] [AppiumDriverFactory:on_test_start:23] - [START] [TC_MOB_AUTH_038] [Authentication] Verify Biometric Prompt & TOTP MFA Code Entry (Case 38)
[2026-10-09 07:54:45] [INFO    ] [AppiumDriverFactory:on_test_success:26] - [PASS] [TC_MOB_AUTH_038] (0.00s) - Biometric / TOTP verification succeeded
[2026-10-09 07:54:45] [INFO    ] [AppiumDriverFactory:on_test_start:23] - [START] [TC_MOB_AUTH_039] [Authentication] Verify Biometric Prompt & TOTP MFA Code Entry (Case 39)
[2026-10-09 07:54:45] [INFO    ] [AppiumDriverFactory:on_test_success:26] - [PASS] [TC_MOB_AUTH_039] (0.00s) - Biometric / TOTP verification succeeded
[2026-10-09 07:54:45] [INFO    ] [AppiumDriverFactory:on_test_start:23] - [START] [TC_MOB_AUTH_040] [Authentication] Verify Biometric Prompt & TOTP MFA Code Entry (Case 40)
[2026-10-09 07:54:45] [INFO    ] [AppiumDriverFactory:on_test_success:26] - [PASS] [TC_MOB_AUTH_040] (0.00s) - Biometric / TOTP verification succeeded
[2026-10-09 07:54:45] [INFO    ] [AppiumDriverFactory:on_test_start:23] - [START] [TC_MOB_AZN_001] [Authorization] Verify Mobile RBAC Boundaries for ADMIN on Prescriptions View (Case 1)
[2026-10-09 07:54:45] [INFO    ] [AppiumDriverFactory:on_test_success:26] - [PASS] [TC_MOB_AZN_001] (0.00s) - Access control enforced for admin on Prescriptions
[2026-10-09 07:54:45] [INFO    ] [AppiumDriverFactory:on_test_start:23] - [START] [TC_MOB_AZN_002] [Authorization] Verify Mobile RBAC Boundaries for DOCTOR on Patient Vitals View (Case 2)
[2026-10-09 07:54:45] [INFO    ] [AppiumDriverFactory:on_test_success:26] - [PASS] [TC_MOB_AZN_002] (0.00s) - Access control enforced for doctor on Patient Vitals
[2026-10-09 07:54:45] [INFO    ] [AppiumDriverFactory:on_test_start:23] - [START] [TC_MOB_AZN_003] [Authorization] Verify Mobile RBAC Boundaries for PATIENT on Operations View (Case 3)
[2026-10-09 07:54:45] [INFO    ] [AppiumDriverFactory:on_test_success:26] - [PASS] [TC_MOB_AZN_003] (0.00s) - Access control enforced for patient on Operations
[2026-10-09 07:54:45] [INFO    ] [AppiumDriverFactory:on_test_start:23] - [START] [TC_MOB_AZN_004] [Authorization] Verify Mobile RBAC Boundaries for NURSE on Audit View (Case 4)
[2026-10-09 07:54:45] [INFO    ] [AppiumDriverFactory:on_test_success:26] - [PASS] [TC_MOB_AZN_004] (0.00s) - Access control enforced for nurse on Audit
[2026-10-09 07:54:45] [INFO    ] [AppiumDriverFactory:on_test_start:23] - [START] [TC_MOB_AZN_005] [Authorization] Verify Mobile RBAC Boundaries for ADMIN on Admin Settings View (Case 5)
[2026-10-09 07:54:45] [INFO    ] [AppiumDriverFactory:on_test_success:26] - [PASS] [TC_MOB_AZN_005] (0.00s) - Access control enforced for admin on Admin Settings
[2026-10-09 07:54:45] [INFO    ] [AppiumDriverFactory:on_test_start:23] - [START] [TC_MOB_AZN_006] [Authorization] Verify Mobile RBAC Boundaries for DOCTOR on Prescriptions View (Case 6)
[2026-10-09 07:54:45] [INFO    ] [AppiumDriverFactory:on_test_success:26] - [PASS] [TC_MOB_AZN_006] (0.00s) - Access control enforced for doctor on Prescriptions
[2026-10-09 07:54:45] [INFO    ] [AppiumDriverFactory:on_test_start:23] - [START] [TC_MOB_AZN_007] [Authorization] Verify Mobile RBAC Boundaries for PATIENT on Patient Vitals View (Case 7)
[2026-10-09 07:54:45] [INFO    ] [AppiumDriverFactory:on_test_success:26] - [PASS] [TC_MOB_AZN_007] (0.00s) - Access control enforced for patient on Patient Vitals
[2026-10-09 07:54:45] [INFO    ] [AppiumDriverFactory:on_test_start:23] - [START] [TC_MOB_AZN_008] [Authorization] Verify Mobile RBAC Boundaries for NURSE on Operations View (Case 8)
[2026-10-09 07:54:45] [INFO    ] [AppiumDriverFactory:on_test_success:26] - [PASS] [TC_MOB_AZN_008] (0.00s) - Access control enforced for nurse on Operations
[2026-10-09 07:54:45] [INFO    ] [AppiumDriverFactory:on_test_start:23] - [START] [TC_MOB_AZN_009] [Authorization] Verify Mobile RBAC Boundaries for ADMIN on Audit View (Case 9)
[2026-10-09 07:54:45] [INFO    ] [AppiumDriverFactory:on_test_success:26] - [PASS] [TC_MOB_AZN_009] (0.00s) - Access control enforced for admin on Audit
[2026-10-09 07:54:45] [INFO    ] [AppiumDriverFactory:on_test_start:23] - [START] [TC_MOB_AZN_010] [Authorization] Verify Mobile RBAC Boundaries for DOCTOR on Admin Settings View (Case 10)
[2026-10-09 07:54:45] [INFO    ] [AppiumDriverFactory:on_test_success:26] - [PASS] [TC_MOB_AZN_010] (0.00s) - Access control enforced for doctor on Admin Settings
[2026-10-09 07:54:45] [INFO    ] [AppiumDriverFactory:on_test_start:23] - [START] [TC_MOB_AZN_011] [Authorization] Verify Mobile RBAC Boundaries for PATIENT on Prescriptions View (Case 11)
[2026-10-09 07:54:45] [INFO    ] [AppiumDriverFactory:on_test_success:26] - [PASS] [TC_MOB_AZN_011] (0.00s) - Access control enforced for patient on Prescriptions
[2026-10-09 07:54:45] [INFO    ] [AppiumDriverFactory:on_test_start:23] - [START] [TC_MOB_AZN_012] [Authorization] Verify Mobile RBAC Boundaries for NURSE on Patient Vitals View (Case 12)
[2026-10-09 07:54:45] [INFO    ] [AppiumDriverFactory:on_test_success:26] - [PASS] [TC_MOB_AZN_012] (0.00s) - Access control enforced for nurse on Patient Vitals
[2026-10-09 07:54:45] [INFO    ] [AppiumDriverFactory:on_test_start:23] - [START] [TC_MOB_AZN_013] [Authorization] Verify Mobile RBAC Boundaries for ADMIN on Operations View (Case 13)
[2026-10-09 07:54:45] [INFO    ] [AppiumDriverFactory:on_test_success:26] - [PASS] [TC_MOB_AZN_013] (0.00s) - Access control enforced for admin on Operations
[2026-10-09 07:54:45] [INFO    ] [AppiumDriverFactory:on_test_start:23] - [START] [TC_MOB_AZN_014] [Authorization] Verify Mobile RBAC Boundaries for DOCTOR on Audit View (Case 14)
[2026-10-09 07:54:45] [INFO    ] [AppiumDriverFactory:on_test_success:26] - [PASS] [TC_MOB_AZN_014] (0.00s) - Access control enforced for doctor on Audit
[2026-10-09 07:54:45] [INFO    ] [AppiumDriverFactory:on_test_start:23] - [START] [TC_MOB_AZN_015] [Authorization] Verify Mobile RBAC Boundaries for PATIENT on Admin Settings View (Case 15)
[2026-10-09 07:54:45] [INFO    ] [AppiumDriverFactory:on_test_success:26] - [PASS] [TC_MOB_AZN_015] (0.00s) - Access control enforced for patient on Admin Settings
[2026-10-09 07:54:45] [INFO    ] [AppiumDriverFactory:on_test_start:23] - [START] [TC_MOB_AZN_016] [Authorization] Verify Mobile RBAC Boundaries for NURSE on Prescriptions View (Case 16)
[2026-10-09 07:54:45] [INFO    ] [AppiumDriverFactory:on_test_success:26] - [PASS] [TC_MOB_AZN_016] (0.00s) - Access control enforced for nurse on Prescriptions
[2026-10-09 07:54:45] [INFO    ] [AppiumDriverFactory:on_test_start:23] - [START] [TC_MOB_AZN_017] [Authorization] Verify Mobile RBAC Boundaries for ADMIN on Patient Vitals View (Case 17)
[2026-10-09 07:54:45] [INFO    ] [AppiumDriverFactory:on_test_success:26] - [PASS] [TC_MOB_AZN_017] (0.00s) - Access control enforced for admin on Patient Vitals
[2026-10-09 07:54:45] [INFO    ] [AppiumDriverFactory:on_test_start:23] - [START] [TC_MOB_AZN_018] [Authorization] Verify Mobile RBAC Boundaries for DOCTOR on Operations View (Case 18)
[2026-10-09 07:54:45] [INFO    ] [AppiumDriverFactory:on_test_success:26] - [PASS] [TC_MOB_AZN_018] (0.00s) - Access control enforced for doctor on Operations
[2026-10-09 07:54:45] [INFO    ] [AppiumDriverFactory:on_test_start:23] - [START] [TC_MOB_AZN_019] [Authorization] Verify Mobile RBAC Boundaries for PATIENT on Audit View (Case 19)
[2026-10-09 07:54:45] [INFO    ] [AppiumDriverFactory:on_test_success:26] - [PASS] [TC_MOB_AZN_019] (0.00s) - Access control enforced for patient on Audit
[2026-10-09 07:54:45] [INFO    ] [AppiumDriverFactory:on_test_start:23] - [START] [TC_MOB_AZN_020] [Authorization] Verify Mobile RBAC Boundaries for NURSE on Admin Settings View (Case 20)
[2026-10-09 07:54:45] [INFO    ] [AppiumDriverFactory:on_test_success:26] - [PASS] [TC_MOB_AZN_020] (0.00s) - Access control enforced for nurse on Admin Settings
[2026-10-09 07:54:45] [INFO    ] [AppiumDriverFactory:on_test_start:23] - [START] [TC_MOB_AZN_021] [Authorization] Verify Mobile RBAC Boundaries for ADMIN on Prescriptions View (Case 21)
[2026-10-09 07:54:45] [INFO    ] [AppiumDriverFactory:on_test_success:26] - [PASS] [TC_MOB_AZN_021] (0.00s) - Access control enforced for admin on Prescriptions
[2026-10-09 07:54:45] [INFO    ] [AppiumDriverFactory:on_test_start:23] - [START] [TC_MOB_AZN_022] [Authorization] Verify Mobile RBAC Boundaries for DOCTOR on Patient Vitals View (Case 22)
[2026-10-09 07:54:45] [INFO    ] [AppiumDriverFactory:on_test_success:26] - [PASS] [TC_MOB_AZN_022] (0.00s) - Access control enforced for doctor on Patient Vitals
[2026-10-09 07:54:45] [INFO    ] [AppiumDriverFactory:on_test_start:23] - [START] [TC_MOB_AZN_023] [Authorization] Verify Mobile RBAC Boundaries for PATIENT on Operations View (Case 23)
[2026-10-09 07:54:45] [INFO    ] [AppiumDriverFactory:on_test_success:26] - [PASS] [TC_MOB_AZN_023] (0.00s) - Access control enforced for patient on Operations
[2026-10-09 07:54:45] [INFO    ] [AppiumDriverFactory:on_test_start:23] - [START] [TC_MOB_AZN_024] [Authorization] Verify Mobile RBAC Boundaries for NURSE on Audit View (Case 24)
[2026-10-09 07:54:45] [INFO    ] [AppiumDriverFactory:on_test_success:26] - [PASS] [TC_MOB_AZN_024] (0.00s) - Access control enforced for nurse on Audit
[2026-10-09 07:54:45] [INFO    ] [AppiumDriverFactory:on_test_start:23] - [START] [TC_MOB_AZN_025] [Authorization] Verify Mobile RBAC Boundaries for ADMIN on Admin Settings View (Case 25)
[2026-10-09 07:54:45] [INFO    ] [AppiumDriverFactory:on_test_success:26] - [PASS] [TC_MOB_AZN_025] (0.00s) - Access control enforced for admin on Admin Settings
[2026-10-09 07:54:45] [INFO    ] [AppiumDriverFactory:on_test_start:23] - [START] [TC_MOB_AZN_026] [Authorization] Verify Mobile RBAC Boundaries for DOCTOR on Prescriptions View (Case 26)
[2026-10-09 07:54:45] [INFO    ] [AppiumDriverFactory:on_test_success:26] - [PASS] [TC_MOB_AZN_026] (0.00s) - Access control enforced for doctor on Prescriptions
[2026-10-09 07:54:45] [INFO    ] [AppiumDriverFactory:on_test_start:23] - [START] [TC_MOB_AZN_027] [Authorization] Verify Mobile RBAC Boundaries for PATIENT on Patient Vitals View (Case 27)
[2026-10-09 07:54:45] [INFO    ] [AppiumDriverFactory:on_test_success:26] - [PASS] [TC_MOB_AZN_027] (0.00s) - Access control enforced for patient on Patient Vitals
[2026-10-09 07:54:45] [INFO    ] [AppiumDriverFactory:on_test_start:23] - [START] [TC_MOB_AZN_028] [Authorization] Verify Mobile RBAC Boundaries for NURSE on Operations View (Case 28)
[2026-10-09 07:54:45] [INFO    ] [AppiumDriverFactory:on_test_success:26] - [PASS] [TC_MOB_AZN_028] (0.00s) - Access control enforced for nurse on Operations
[2026-10-09 07:54:45] [INFO    ] [AppiumDriverFactory:on_test_start:23] - [START] [TC_MOB_AZN_029] [Authorization] Verify Mobile RBAC Boundaries for ADMIN on Audit View (Case 29)
[2026-10-09 07:54:45] [INFO    ] [AppiumDriverFactory:on_test_success:26] - [PASS] [TC_MOB_AZN_029] (0.00s) - Access control enforced for admin on Audit
[2026-10-09 07:54:45] [INFO    ] [AppiumDriverFactory:on_test_start:23] - [START] [TC_MOB_AZN_030] [Authorization] Verify Mobile RBAC Boundaries for DOCTOR on Admin Settings View (Case 30)
[2026-10-09 07:54:45] [INFO    ] [AppiumDriverFactory:on_test_success:26] - [PASS] [TC_MOB_AZN_030] (0.00s) - Access control enforced for doctor on Admin Settings
[2026-10-09 07:54:45] [INFO    ] [AppiumDriverFactory:on_test_start:23] - [START] [TC_MOB_REG_001] [Registration] Verify Android User Self-Registration Flow and Validation (Case 1)
[2026-10-09 07:54:45] [INFO    ] [AppiumDriverFactory:on_test_success:26] - [PASS] [TC_MOB_REG_001] (0.00s) - Registration workflow #1 validated
[2026-10-09 07:54:45] [INFO    ] [AppiumDriverFactory:capture_mobile_screenshot:27] - Captured Android screenshot for TC_MOB_REG_001: android_TC_MOB_REG_001_checkpoint_20261009_075445_467.png
[2026-10-09 07:54:45] [INFO    ] [AppiumDriverFactory:on_test_start:23] - [START] [TC_MOB_REG_002] [Registration] Verify Android User Self-Registration Flow and Validation (Case 2)
[2026-10-09 07:54:45] [INFO    ] [AppiumDriverFactory:on_test_success:26] - [PASS] [TC_MOB_REG_002] (0.00s) - Registration workflow #2 validated
[2026-10-09 07:54:45] [INFO    ] [AppiumDriverFactory:on_test_start:23] - [START] [TC_MOB_REG_003] [Registration] Verify Android User Self-Registration Flow and Validation (Case 3)
[2026-10-09 07:54:45] [INFO    ] [AppiumDriverFactory:on_test_success:26] - [PASS] [TC_MOB_REG_003] (0.00s) - Registration workflow #3 validated
[2026-10-09 07:54:45] [INFO    ] [AppiumDriverFactory:on_test_start:23] - [START] [TC_MOB_REG_004] [Registration] Verify Android User Self-Registration Flow and Validation (Case 4)
[2026-10-09 07:54:45] [INFO    ] [AppiumDriverFactory:on_test_success:26] - [PASS] [TC_MOB_REG_004] (0.00s) - Registration workflow #4 validated
[2026-10-09 07:54:45] [INFO    ] [AppiumDriverFactory:on_test_start:23] - [START] [TC_MOB_REG_005] [Registration] Verify Android User Self-Registration Flow and Validation (Case 5)
[2026-10-09 07:54:45] [INFO    ] [AppiumDriverFactory:on_test_success:26] - [PASS] [TC_MOB_REG_005] (0.00s) - Registration workflow #5 validated
[2026-10-09 07:54:45] [INFO    ] [AppiumDriverFactory:on_test_start:23] - [START] [TC_MOB_REG_006] [Registration] Verify Android User Self-Registration Flow and Validation (Case 6)
[2026-10-09 07:54:45] [INFO    ] [AppiumDriverFactory:on_test_success:26] - [PASS] [TC_MOB_REG_006] (0.00s) - Registration workflow #6 validated
[2026-10-09 07:54:45] [INFO    ] [AppiumDriverFactory:on_test_start:23] - [START] [TC_MOB_REG_007] [Registration] Verify Android User Self-Registration Flow and Validation (Case 7)
[2026-10-09 07:54:45] [INFO    ] [AppiumDriverFactory:on_test_success:26] - [PASS] [TC_MOB_REG_007] (0.00s) - Registration workflow #7 validated
[2026-10-09 07:54:45] [INFO    ] [AppiumDriverFactory:on_test_start:23] - [START] [TC_MOB_REG_008] [Registration] Verify Android User Self-Registration Flow and Validation (Case 8)
[2026-10-09 07:54:45] [INFO    ] [AppiumDriverFactory:on_test_success:26] - [PASS] [TC_MOB_REG_008] (0.00s) - Registration workflow #8 validated
[2026-10-09 07:54:45] [INFO    ] [AppiumDriverFactory:on_test_start:23] - [START] [TC_MOB_REG_009] [Registration] Verify Android User Self-Registration Flow and Validation (Case 9)
[2026-10-09 07:54:45] [INFO    ] [AppiumDriverFactory:on_test_success:26] - [PASS] [TC_MOB_REG_009] (0.00s) - Registration workflow #9 validated
[2026-10-09 07:54:45] [INFO    ] [AppiumDriverFactory:on_test_start:23] - [START] [TC_MOB_REG_010] [Registration] Verify Android User Self-Registration Flow and Validation (Case 10)
[2026-10-09 07:54:45] [INFO    ] [AppiumDriverFactory:on_test_success:26] - [PASS] [TC_MOB_REG_010] (0.00s) - Registration workflow #10 validated
[2026-10-09 07:54:45] [INFO    ] [AppiumDriverFactory:on_test_start:23] - [START] [TC_MOB_REG_011] [Registration] Verify Android User Self-Registration Flow and Validation (Case 11)
[2026-10-09 07:54:45] [INFO    ] [AppiumDriverFactory:on_test_success:26] - [PASS] [TC_MOB_REG_011] (0.00s) - Registration workflow #11 validated
[2026-10-09 07:54:45] [INFO    ] [AppiumDriverFactory:on_test_start:23] - [START] [TC_MOB_REG_012] [Registration] Verify Android User Self-Registration Flow and Validation (Case 12)
[2026-10-09 07:54:45] [INFO    ] [AppiumDriverFactory:on_test_success:26] - [PASS] [TC_MOB_REG_012] (0.00s) - Registration workflow #12 validated
[2026-10-09 07:54:45] [INFO    ] [AppiumDriverFactory:on_test_start:23] - [START] [TC_MOB_REG_013] [Registration] Verify Android User Self-Registration Flow and Validation (Case 13)
[2026-10-09 07:54:45] [INFO    ] [AppiumDriverFactory:on_test_success:26] - [PASS] [TC_MOB_REG_013] (0.00s) - Registration workflow #13 validated
[2026-10-09 07:54:45] [INFO    ] [AppiumDriverFactory:on_test_start:23] - [START] [TC_MOB_REG_014] [Registration] Verify Android User Self-Registration Flow and Validation (Case 14)
[2026-10-09 07:54:45] [INFO    ] [AppiumDriverFactory:on_test_success:26] - [PASS] [TC_MOB_REG_014] (0.00s) - Registration workflow #14 validated
[2026-10-09 07:54:45] [INFO    ] [AppiumDriverFactory:on_test_start:23] - [START] [TC_MOB_REG_015] [Registration] Verify Android User Self-Registration Flow and Validation (Case 15)
[2026-10-09 07:54:45] [INFO    ] [AppiumDriverFactory:on_test_success:26] - [PASS] [TC_MOB_REG_015] (0.00s) - Registration workflow #15 validated
[2026-10-09 07:54:45] [INFO    ] [AppiumDriverFactory:on_test_start:23] - [START] [TC_MOB_REG_016] [Registration] Verify Android User Self-Registration Flow and Validation (Case 16)
[2026-10-09 07:54:45] [INFO    ] [AppiumDriverFactory:on_test_success:26] - [PASS] [TC_MOB_REG_016] (0.00s) - Registration workflow #16 validated
[2026-10-09 07:54:45] [INFO    ] [AppiumDriverFactory:on_test_start:23] - [START] [TC_MOB_REG_017] [Registration] Verify Android User Self-Registration Flow and Validation (Case 17)
[2026-10-09 07:54:45] [INFO    ] [AppiumDriverFactory:on_test_success:26] - [PASS] [TC_MOB_REG_017] (0.00s) - Registration workflow #17 validated
[2026-10-09 07:54:45] [INFO    ] [AppiumDriverFactory:on_test_start:23] - [START] [TC_MOB_REG_018] [Registration] Verify Android User Self-Registration Flow and Validation (Case 18)
[2026-10-09 07:54:45] [INFO    ] [AppiumDriverFactory:on_test_success:26] - [PASS] [TC_MOB_REG_018] (0.00s) - Registration workflow #18 validated
[2026-10-09 07:54:45] [INFO    ] [AppiumDriverFactory:on_test_start:23] - [START] [TC_MOB_REG_019] [Registration] Verify Android User Self-Registration Flow and Validation (Case 19)
[2026-10-09 07:54:45] [INFO    ] [AppiumDriverFactory:on_test_success:26] - [PASS] [TC_MOB_REG_019] (0.00s) - Registration workflow #19 validated
[2026-10-09 07:54:45] [INFO    ] [AppiumDriverFactory:on_test_start:23] - [START] [TC_MOB_REG_020] [Registration] Verify Android User Self-Registration Flow and Validation (Case 20)
[2026-10-09 07:54:45] [INFO    ] [AppiumDriverFactory:on_test_success:26] - [PASS] [TC_MOB_REG_020] (0.00s) - Registration workflow #20 validated
[2026-10-09 07:54:45] [INFO    ] [AppiumDriverFactory:on_test_start:23] - [START] [TC_MOB_PROF_001] [Profile Management] Verify Mobile Profile Details, Avatar & Settings Update (Case 1)
[2026-10-09 07:54:45] [INFO    ] [AppiumDriverFactory:on_test_success:26] - [PASS] [TC_MOB_PROF_001] (0.00s) - Profile update committed successfully
[2026-10-09 07:54:45] [INFO    ] [AppiumDriverFactory:on_test_start:23] - [START] [TC_MOB_PROF_002] [Profile Management] Verify Mobile Profile Details, Avatar & Settings Update (Case 2)
[2026-10-09 07:54:45] [INFO    ] [AppiumDriverFactory:on_test_success:26] - [PASS] [TC_MOB_PROF_002] (0.00s) - Profile update committed successfully
[2026-10-09 07:54:45] [INFO    ] [AppiumDriverFactory:on_test_start:23] - [START] [TC_MOB_PROF_003] [Profile Management] Verify Mobile Profile Details, Avatar & Settings Update (Case 3)
[2026-10-09 07:54:45] [INFO    ] [AppiumDriverFactory:on_test_success:26] - [PASS] [TC_MOB_PROF_003] (0.00s) - Profile update committed successfully
[2026-10-09 07:54:45] [INFO    ] [AppiumDriverFactory:on_test_start:23] - [START] [TC_MOB_PROF_004] [Profile Management] Verify Mobile Profile Details, Avatar & Settings Update (Case 4)
[2026-10-09 07:54:45] [INFO    ] [AppiumDriverFactory:on_test_success:26] - [PASS] [TC_MOB_PROF_004] (0.00s) - Profile update committed successfully
[2026-10-09 07:54:45] [INFO    ] [AppiumDriverFactory:on_test_start:23] - [START] [TC_MOB_PROF_005] [Profile Management] Verify Mobile Profile Details, Avatar & Settings Update (Case 5)
[2026-10-09 07:54:45] [INFO    ] [AppiumDriverFactory:on_test_success:26] - [PASS] [TC_MOB_PROF_005] (0.00s) - Profile update committed successfully
[2026-10-09 07:54:45] [INFO    ] [AppiumDriverFactory:on_test_start:23] - [START] [TC_MOB_PROF_006] [Profile Management] Verify Mobile Profile Details, Avatar & Settings Update (Case 6)
[2026-10-09 07:54:45] [INFO    ] [AppiumDriverFactory:on_test_success:26] - [PASS] [TC_MOB_PROF_006] (0.00s) - Profile update committed successfully
[2026-10-09 07:54:45] [INFO    ] [AppiumDriverFactory:on_test_start:23] - [START] [TC_MOB_PROF_007] [Profile Management] Verify Mobile Profile Details, Avatar & Settings Update (Case 7)
[2026-10-09 07:54:45] [INFO    ] [AppiumDriverFactory:on_test_success:26] - [PASS] [TC_MOB_PROF_007] (0.00s) - Profile update committed successfully
[2026-10-09 07:54:45] [INFO    ] [AppiumDriverFactory:on_test_start:23] - [START] [TC_MOB_PROF_008] [Profile Management] Verify Mobile Profile Details, Avatar & Settings Update (Case 8)
[2026-10-09 07:54:45] [INFO    ] [AppiumDriverFactory:on_test_success:26] - [PASS] [TC_MOB_PROF_008] (0.00s) - Profile update committed successfully
[2026-10-09 07:54:45] [INFO    ] [AppiumDriverFactory:on_test_start:23] - [START] [TC_MOB_PROF_009] [Profile Management] Verify Mobile Profile Details, Avatar & Settings Update (Case 9)
[2026-10-09 07:54:45] [INFO    ] [AppiumDriverFactory:on_test_success:26] - [PASS] [TC_MOB_PROF_009] (0.00s) - Profile update committed successfully
[2026-10-09 07:54:45] [INFO    ] [AppiumDriverFactory:on_test_start:23] - [START] [TC_MOB_PROF_010] [Profile Management] Verify Mobile Profile Details, Avatar & Settings Update (Case 10)
[2026-10-09 07:54:45] [INFO    ] [AppiumDriverFactory:on_test_success:26] - [PASS] [TC_MOB_PROF_010] (0.00s) - Profile update committed successfully
[2026-10-09 07:54:45] [INFO    ] [AppiumDriverFactory:on_test_start:23] - [START] [TC_MOB_PROF_011] [Profile Management] Verify Mobile Profile Details, Avatar & Settings Update (Case 11)
[2026-10-09 07:54:45] [INFO    ] [AppiumDriverFactory:on_test_success:26] - [PASS] [TC_MOB_PROF_011] (0.00s) - Profile update committed successfully
[2026-10-09 07:54:45] [INFO    ] [AppiumDriverFactory:on_test_start:23] - [START] [TC_MOB_PROF_012] [Profile Management] Verify Mobile Profile Details, Avatar & Settings Update (Case 12)
[2026-10-09 07:54:45] [INFO    ] [AppiumDriverFactory:on_test_success:26] - [PASS] [TC_MOB_PROF_012] (0.00s) - Profile update committed successfully
[2026-10-09 07:54:45] [INFO    ] [AppiumDriverFactory:on_test_start:23] - [START] [TC_MOB_PROF_013] [Profile Management] Verify Mobile Profile Details, Avatar & Settings Update (Case 13)
[2026-10-09 07:54:45] [INFO    ] [AppiumDriverFactory:on_test_success:26] - [PASS] [TC_MOB_PROF_013] (0.00s) - Profile update committed successfully
[2026-10-09 07:54:45] [INFO    ] [AppiumDriverFactory:on_test_start:23] - [START] [TC_MOB_PROF_014] [Profile Management] Verify Mobile Profile Details, Avatar & Settings Update (Case 14)
[2026-10-09 07:54:45] [INFO    ] [AppiumDriverFactory:on_test_success:26] - [PASS] [TC_MOB_PROF_014] (0.00s) - Profile update committed successfully
[2026-10-09 07:54:45] [INFO    ] [AppiumDriverFactory:on_test_start:23] - [START] [TC_MOB_PROF_015] [Profile Management] Verify Mobile Profile Details, Avatar & Settings Update (Case 15)
[2026-10-09 07:54:45] [INFO    ] [AppiumDriverFactory:on_test_success:26] - [PASS] [TC_MOB_PROF_015] (0.00s) - Profile update committed successfully
[2026-10-09 07:54:45] [INFO    ] [AppiumDriverFactory:on_test_start:23] - [START] [TC_MOB_PROF_016] [Profile Management] Verify Mobile Profile Details, Avatar & Settings Update (Case 16)
[2026-10-09 07:54:45] [INFO    ] [AppiumDriverFactory:on_test_success:26] - [PASS] [TC_MOB_PROF_016] (0.00s) - Profile update committed successfully
[2026-10-09 07:54:45] [INFO    ] [AppiumDriverFactory:on_test_start:23] - [START] [TC_MOB_PROF_017] [Profile Management] Verify Mobile Profile Details, Avatar & Settings Update (Case 17)
[2026-10-09 07:54:45] [INFO    ] [AppiumDriverFactory:on_test_success:26] - [PASS] [TC_MOB_PROF_017] (0.00s) - Profile update committed successfully
[2026-10-09 07:54:45] [INFO    ] [AppiumDriverFactory:on_test_start:23] - [START] [TC_MOB_PROF_018] [Profile Management] Verify Mobile Profile Details, Avatar & Settings Update (Case 18)
[2026-10-09 07:54:45] [INFO    ] [AppiumDriverFactory:on_test_success:26] - [PASS] [TC_MOB_PROF_018] (0.00s) - Profile update committed successfully
[2026-10-09 07:54:45] [INFO    ] [AppiumDriverFactory:on_test_start:23] - [START] [TC_MOB_PROF_019] [Profile Management] Verify Mobile Profile Details, Avatar & Settings Update (Case 19)
[2026-10-09 07:54:45] [INFO    ] [AppiumDriverFactory:on_test_success:26] - [PASS] [TC_MOB_PROF_019] (0.00s) - Profile update committed successfully
[2026-10-09 07:54:45] [INFO    ] [AppiumDriverFactory:on_test_start:23] - [START] [TC_MOB_PROF_020] [Profile Management] Verify Mobile Profile Details, Avatar & Settings Update (Case 20)
[2026-10-09 07:54:45] [INFO    ] [AppiumDriverFactory:on_test_success:26] - [PASS] [TC_MOB_PROF_020] (0.00s) - Profile update committed successfully
[2026-10-09 07:54:45] [INFO    ] [AppiumDriverFactory:on_test_start:23] - [START] [TC_MOB_NAV_001] [Navigation] Verify Android Back-Stack & Bottom Bar Navigation to Dashboard (Case 1)
[2026-10-09 07:54:45] [INFO    ] [AppiumDriverFactory:on_test_success:26] - [PASS] [TC_MOB_NAV_001] (0.00s) - Navigated to Dashboard and restored back-stack
[2026-10-09 07:54:45] [INFO    ] [AppiumDriverFactory:capture_mobile_screenshot:27] - Captured Android screenshot for TC_MOB_NAV_001: android_TC_MOB_NAV_001_checkpoint_20261009_075445_473.png
[2026-10-09 07:54:45] [INFO    ] [AppiumDriverFactory:on_test_start:23] - [START] [TC_MOB_NAV_002] [Navigation] Verify Android Back-Stack & Bottom Bar Navigation to Patients (Case 2)
[2026-10-09 07:54:45] [INFO    ] [AppiumDriverFactory:on_test_success:26] - [PASS] [TC_MOB_NAV_002] (0.00s) - Navigated to Patients and restored back-stack
[2026-10-09 07:54:45] [INFO    ] [AppiumDriverFactory:on_test_start:23] - [START] [TC_MOB_NAV_003] [Navigation] Verify Android Back-Stack & Bottom Bar Navigation to Appointments (Case 3)
[2026-10-09 07:54:45] [INFO    ] [AppiumDriverFactory:on_test_success:26] - [PASS] [TC_MOB_NAV_003] (0.00s) - Navigated to Appointments and restored back-stack
[2026-10-09 07:54:45] [INFO    ] [AppiumDriverFactory:on_test_start:23] - [START] [TC_MOB_NAV_004] [Navigation] Verify Android Back-Stack & Bottom Bar Navigation to Medical Records (Case 4)
[2026-10-09 07:54:45] [INFO    ] [AppiumDriverFactory:on_test_success:26] - [PASS] [TC_MOB_NAV_004] (0.00s) - Navigated to Medical Records and restored back-stack
[2026-10-09 07:54:45] [INFO    ] [AppiumDriverFactory:on_test_start:23] - [START] [TC_MOB_NAV_005] [Navigation] Verify Android Back-Stack & Bottom Bar Navigation to Pharmacy (Case 5)
[2026-10-09 07:54:45] [INFO    ] [AppiumDriverFactory:on_test_success:26] - [PASS] [TC_MOB_NAV_005] (0.00s) - Navigated to Pharmacy and restored back-stack
[2026-10-09 07:54:45] [INFO    ] [AppiumDriverFactory:on_test_start:23] - [START] [TC_MOB_NAV_006] [Navigation] Verify Android Back-Stack & Bottom Bar Navigation to Diagnostics (Case 6)
[2026-10-09 07:54:45] [INFO    ] [AppiumDriverFactory:on_test_success:26] - [PASS] [TC_MOB_NAV_006] (0.00s) - Navigated to Diagnostics and restored back-stack
[2026-10-09 07:54:45] [INFO    ] [AppiumDriverFactory:on_test_start:23] - [START] [TC_MOB_NAV_007] [Navigation] Verify Android Back-Stack & Bottom Bar Navigation to Dashboard (Case 7)
[2026-10-09 07:54:45] [INFO    ] [AppiumDriverFactory:on_test_success:26] - [PASS] [TC_MOB_NAV_007] (0.00s) - Navigated to Dashboard and restored back-stack
[2026-10-09 07:54:45] [INFO    ] [AppiumDriverFactory:on_test_start:23] - [START] [TC_MOB_NAV_008] [Navigation] Verify Android Back-Stack & Bottom Bar Navigation to Patients (Case 8)
[2026-10-09 07:54:45] [INFO    ] [AppiumDriverFactory:on_test_success:26] - [PASS] [TC_MOB_NAV_008] (0.00s) - Navigated to Patients and restored back-stack
[2026-10-09 07:54:45] [INFO    ] [AppiumDriverFactory:on_test_start:23] - [START] [TC_MOB_NAV_009] [Navigation] Verify Android Back-Stack & Bottom Bar Navigation to Appointments (Case 9)
[2026-10-09 07:54:45] [INFO    ] [AppiumDriverFactory:on_test_success:26] - [PASS] [TC_MOB_NAV_009] (0.00s) - Navigated to Appointments and restored back-stack
[2026-10-09 07:54:45] [INFO    ] [AppiumDriverFactory:on_test_start:23] - [START] [TC_MOB_NAV_010] [Navigation] Verify Android Back-Stack & Bottom Bar Navigation to Medical Records (Case 10)
[2026-10-09 07:54:45] [INFO    ] [AppiumDriverFactory:on_test_success:26] - [PASS] [TC_MOB_NAV_010] (0.00s) - Navigated to Medical Records and restored back-stack
[2026-10-09 07:54:45] [INFO    ] [AppiumDriverFactory:on_test_start:23] - [START] [TC_MOB_NAV_011] [Navigation] Verify Android Back-Stack & Bottom Bar Navigation to Pharmacy (Case 11)
[2026-10-09 07:54:45] [INFO    ] [AppiumDriverFactory:on_test_success:26] - [PASS] [TC_MOB_NAV_011] (0.00s) - Navigated to Pharmacy and restored back-stack
[2026-10-09 07:54:45] [INFO    ] [AppiumDriverFactory:on_test_start:23] - [START] [TC_MOB_NAV_012] [Navigation] Verify Android Back-Stack & Bottom Bar Navigation to Diagnostics (Case 12)
[2026-10-09 07:54:45] [INFO    ] [AppiumDriverFactory:on_test_success:26] - [PASS] [TC_MOB_NAV_012] (0.00s) - Navigated to Diagnostics and restored back-stack
[2026-10-09 07:54:45] [INFO    ] [AppiumDriverFactory:on_test_start:23] - [START] [TC_MOB_NAV_013] [Navigation] Verify Android Back-Stack & Bottom Bar Navigation to Dashboard (Case 13)
[2026-10-09 07:54:45] [INFO    ] [AppiumDriverFactory:on_test_success:26] - [PASS] [TC_MOB_NAV_013] (0.00s) - Navigated to Dashboard and restored back-stack
[2026-10-09 07:54:45] [INFO    ] [AppiumDriverFactory:on_test_start:23] - [START] [TC_MOB_NAV_014] [Navigation] Verify Android Back-Stack & Bottom Bar Navigation to Patients (Case 14)
[2026-10-09 07:54:45] [INFO    ] [AppiumDriverFactory:on_test_success:26] - [PASS] [TC_MOB_NAV_014] (0.00s) - Navigated to Patients and restored back-stack
[2026-10-09 07:54:45] [INFO    ] [AppiumDriverFactory:on_test_start:23] - [START] [TC_MOB_NAV_015] [Navigation] Verify Android Back-Stack & Bottom Bar Navigation to Appointments (Case 15)
[2026-10-09 07:54:45] [INFO    ] [AppiumDriverFactory:on_test_success:26] - [PASS] [TC_MOB_NAV_015] (0.00s) - Navigated to Appointments and restored back-stack
[2026-10-09 07:54:45] [INFO    ] [AppiumDriverFactory:on_test_start:23] - [START] [TC_MOB_NAV_016] [Navigation] Verify Android Back-Stack & Bottom Bar Navigation to Medical Records (Case 16)
[2026-10-09 07:54:45] [INFO    ] [AppiumDriverFactory:on_test_success:26] - [PASS] [TC_MOB_NAV_016] (0.00s) - Navigated to Medical Records and restored back-stack
[2026-10-09 07:54:45] [INFO    ] [AppiumDriverFactory:on_test_start:23] - [START] [TC_MOB_NAV_017] [Navigation] Verify Android Back-Stack & Bottom Bar Navigation to Pharmacy (Case 17)
[2026-10-09 07:54:45] [INFO    ] [AppiumDriverFactory:on_test_success:26] - [PASS] [TC_MOB_NAV_017] (0.00s) - Navigated to Pharmacy and restored back-stack
[2026-10-09 07:54:45] [INFO    ] [AppiumDriverFactory:on_test_start:23] - [START] [TC_MOB_NAV_018] [Navigation] Verify Android Back-Stack & Bottom Bar Navigation to Diagnostics (Case 18)
[2026-10-09 07:54:45] [INFO    ] [AppiumDriverFactory:on_test_success:26] - [PASS] [TC_MOB_NAV_018] (0.00s) - Navigated to Diagnostics and restored back-stack
[2026-10-09 07:54:45] [INFO    ] [AppiumDriverFactory:on_test_start:23] - [START] [TC_MOB_NAV_019] [Navigation] Verify Android Back-Stack & Bottom Bar Navigation to Dashboard (Case 19)
[2026-10-09 07:54:45] [INFO    ] [AppiumDriverFactory:on_test_success:26] - [PASS] [TC_MOB_NAV_019] (0.00s) - Navigated to Dashboard and restored back-stack
[2026-10-09 07:54:45] [INFO    ] [AppiumDriverFactory:on_test_start:23] - [START] [TC_MOB_NAV_020] [Navigation] Verify Android Back-Stack & Bottom Bar Navigation to Patients (Case 20)
[2026-10-09 07:54:45] [INFO    ] [AppiumDriverFactory:on_test_success:26] - [PASS] [TC_MOB_NAV_020] (0.00s) - Navigated to Patients and restored back-stack
[2026-10-09 07:54:45] [INFO    ] [AppiumDriverFactory:on_test_start:23] - [START] [TC_MOB_NAV_021] [Navigation] Verify Android Back-Stack & Bottom Bar Navigation to Appointments (Case 21)
[2026-10-09 07:54:45] [INFO    ] [AppiumDriverFactory:on_test_success:26] - [PASS] [TC_MOB_NAV_021] (0.00s) - Navigated to Appointments and restored back-stack
[2026-10-09 07:54:45] [INFO    ] [AppiumDriverFactory:on_test_start:23] - [START] [TC_MOB_NAV_022] [Navigation] Verify Android Back-Stack & Bottom Bar Navigation to Medical Records (Case 22)
[2026-10-09 07:54:45] [INFO    ] [AppiumDriverFactory:on_test_success:26] - [PASS] [TC_MOB_NAV_022] (0.00s) - Navigated to Medical Records and restored back-stack
[2026-10-09 07:54:45] [INFO    ] [AppiumDriverFactory:on_test_start:23] - [START] [TC_MOB_NAV_023] [Navigation] Verify Android Back-Stack & Bottom Bar Navigation to Pharmacy (Case 23)
[2026-10-09 07:54:45] [INFO    ] [AppiumDriverFactory:on_test_success:26] - [PASS] [TC_MOB_NAV_023] (0.00s) - Navigated to Pharmacy and restored back-stack
[2026-10-09 07:54:45] [INFO    ] [AppiumDriverFactory:on_test_start:23] - [START] [TC_MOB_NAV_024] [Navigation] Verify Android Back-Stack & Bottom Bar Navigation to Diagnostics (Case 24)
[2026-10-09 07:54:45] [INFO    ] [AppiumDriverFactory:on_test_success:26] - [PASS] [TC_MOB_NAV_024] (0.00s) - Navigated to Diagnostics and restored back-stack
[2026-10-09 07:54:45] [INFO    ] [AppiumDriverFactory:on_test_start:23] - [START] [TC_MOB_NAV_025] [Navigation] Verify Android Back-Stack & Bottom Bar Navigation to Dashboard (Case 25)
[2026-10-09 07:54:45] [INFO    ] [AppiumDriverFactory:on_test_success:26] - [PASS] [TC_MOB_NAV_025] (0.00s) - Navigated to Dashboard and restored back-stack
[2026-10-09 07:54:45] [INFO    ] [AppiumDriverFactory:on_test_start:23] - [START] [TC_MOB_NAV_026] [Navigation] Verify Android Back-Stack & Bottom Bar Navigation to Patients (Case 26)
[2026-10-09 07:54:45] [INFO    ] [AppiumDriverFactory:on_test_success:26] - [PASS] [TC_MOB_NAV_026] (0.00s) - Navigated to Patients and restored back-stack
[2026-10-09 07:54:45] [INFO    ] [AppiumDriverFactory:on_test_start:23] - [START] [TC_MOB_NAV_027] [Navigation] Verify Android Back-Stack & Bottom Bar Navigation to Appointments (Case 27)
[2026-10-09 07:54:45] [INFO    ] [AppiumDriverFactory:on_test_success:26] - [PASS] [TC_MOB_NAV_027] (0.00s) - Navigated to Appointments and restored back-stack
[2026-10-09 07:54:45] [INFO    ] [AppiumDriverFactory:on_test_start:23] - [START] [TC_MOB_NAV_028] [Navigation] Verify Android Back-Stack & Bottom Bar Navigation to Medical Records (Case 28)
[2026-10-09 07:54:45] [INFO    ] [AppiumDriverFactory:on_test_success:26] - [PASS] [TC_MOB_NAV_028] (0.00s) - Navigated to Medical Records and restored back-stack
[2026-10-09 07:54:45] [INFO    ] [AppiumDriverFactory:on_test_start:23] - [START] [TC_MOB_NAV_029] [Navigation] Verify Android Back-Stack & Bottom Bar Navigation to Pharmacy (Case 29)
[2026-10-09 07:54:45] [INFO    ] [AppiumDriverFactory:on_test_success:26] - [PASS] [TC_MOB_NAV_029] (0.00s) - Navigated to Pharmacy and restored back-stack
[2026-10-09 07:54:45] [INFO    ] [AppiumDriverFactory:on_test_start:23] - [START] [TC_MOB_NAV_030] [Navigation] Verify Android Back-Stack & Bottom Bar Navigation to Diagnostics (Case 30)
[2026-10-09 07:54:45] [INFO    ] [AppiumDriverFactory:on_test_success:26] - [PASS] [TC_MOB_NAV_030] (0.00s) - Navigated to Diagnostics and restored back-stack
[2026-10-09 07:54:45] [INFO    ] [AppiumDriverFactory:on_test_start:23] - [START] [TC_MOB_DASH_001] [Dashboard] Verify Mobile Dashboard KPI Cards & Pull-to-Refresh Gesture (Case 1)
[2026-10-09 07:54:45] [INFO    ] [AppiumDriverFactory:on_test_success:26] - [PASS] [TC_MOB_DASH_001] (0.00s) - Pull-to-refresh completed and stats reloaded
[2026-10-09 07:54:45] [INFO    ] [AppiumDriverFactory:capture_mobile_screenshot:27] - Captured Android screenshot for TC_MOB_DASH_001: android_TC_MOB_DASH_001_checkpoint_20261009_075445_477.png
[2026-10-09 07:54:45] [INFO    ] [AppiumDriverFactory:on_test_start:23] - [START] [TC_MOB_DASH_002] [Dashboard] Verify Mobile Dashboard KPI Cards & Pull-to-Refresh Gesture (Case 2)
[2026-10-09 07:54:45] [INFO    ] [AppiumDriverFactory:on_test_success:26] - [PASS] [TC_MOB_DASH_002] (0.00s) - Pull-to-refresh completed and stats reloaded
[2026-10-09 07:54:45] [INFO    ] [AppiumDriverFactory:on_test_start:23] - [START] [TC_MOB_DASH_003] [Dashboard] Verify Mobile Dashboard KPI Cards & Pull-to-Refresh Gesture (Case 3)
[2026-10-09 07:54:45] [INFO    ] [AppiumDriverFactory:on_test_success:26] - [PASS] [TC_MOB_DASH_003] (0.00s) - Pull-to-refresh completed and stats reloaded
[2026-10-09 07:54:45] [INFO    ] [AppiumDriverFactory:on_test_start:23] - [START] [TC_MOB_DASH_004] [Dashboard] Verify Mobile Dashboard KPI Cards & Pull-to-Refresh Gesture (Case 4)
[2026-10-09 07:54:45] [INFO    ] [AppiumDriverFactory:on_test_success:26] - [PASS] [TC_MOB_DASH_004] (0.00s) - Pull-to-refresh completed and stats reloaded
[2026-10-09 07:54:45] [INFO    ] [AppiumDriverFactory:on_test_start:23] - [START] [TC_MOB_DASH_005] [Dashboard] Verify Mobile Dashboard KPI Cards & Pull-to-Refresh Gesture (Case 5)
[2026-10-09 07:54:45] [INFO    ] [AppiumDriverFactory:on_test_success:26] - [PASS] [TC_MOB_DASH_005] (0.00s) - Pull-to-refresh completed and stats reloaded
[2026-10-09 07:54:45] [INFO    ] [AppiumDriverFactory:on_test_start:23] - [START] [TC_MOB_DASH_006] [Dashboard] Verify Mobile Dashboard KPI Cards & Pull-to-Refresh Gesture (Case 6)
[2026-10-09 07:54:45] [INFO    ] [AppiumDriverFactory:on_test_success:26] - [PASS] [TC_MOB_DASH_006] (0.00s) - Pull-to-refresh completed and stats reloaded
[2026-10-09 07:54:45] [INFO    ] [AppiumDriverFactory:on_test_start:23] - [START] [TC_MOB_DASH_007] [Dashboard] Verify Mobile Dashboard KPI Cards & Pull-to-Refresh Gesture (Case 7)
[2026-10-09 07:54:45] [INFO    ] [AppiumDriverFactory:on_test_success:26] - [PASS] [TC_MOB_DASH_007] (0.00s) - Pull-to-refresh completed and stats reloaded
[2026-10-09 07:54:45] [INFO    ] [AppiumDriverFactory:on_test_start:23] - [START] [TC_MOB_DASH_008] [Dashboard] Verify Mobile Dashboard KPI Cards & Pull-to-Refresh Gesture (Case 8)
[2026-10-09 07:54:45] [INFO    ] [AppiumDriverFactory:on_test_success:26] - [PASS] [TC_MOB_DASH_008] (0.00s) - Pull-to-refresh completed and stats reloaded
[2026-10-09 07:54:45] [INFO    ] [AppiumDriverFactory:on_test_start:23] - [START] [TC_MOB_DASH_009] [Dashboard] Verify Mobile Dashboard KPI Cards & Pull-to-Refresh Gesture (Case 9)
[2026-10-09 07:54:45] [INFO    ] [AppiumDriverFactory:on_test_success:26] - [PASS] [TC_MOB_DASH_009] (0.00s) - Pull-to-refresh completed and stats reloaded
[2026-10-09 07:54:45] [INFO    ] [AppiumDriverFactory:on_test_start:23] - [START] [TC_MOB_DASH_010] [Dashboard] Verify Mobile Dashboard KPI Cards & Pull-to-Refresh Gesture (Case 10)
[2026-10-09 07:54:45] [INFO    ] [AppiumDriverFactory:on_test_success:26] - [PASS] [TC_MOB_DASH_010] (0.00s) - Pull-to-refresh completed and stats reloaded
[2026-10-09 07:54:45] [INFO    ] [AppiumDriverFactory:on_test_start:23] - [START] [TC_MOB_DASH_011] [Dashboard] Verify Mobile Dashboard KPI Cards & Pull-to-Refresh Gesture (Case 11)
[2026-10-09 07:54:45] [INFO    ] [AppiumDriverFactory:on_test_success:26] - [PASS] [TC_MOB_DASH_011] (0.00s) - Pull-to-refresh completed and stats reloaded
[2026-10-09 07:54:45] [INFO    ] [AppiumDriverFactory:on_test_start:23] - [START] [TC_MOB_DASH_012] [Dashboard] Verify Mobile Dashboard KPI Cards & Pull-to-Refresh Gesture (Case 12)
[2026-10-09 07:54:45] [INFO    ] [AppiumDriverFactory:on_test_success:26] - [PASS] [TC_MOB_DASH_012] (0.00s) - Pull-to-refresh completed and stats reloaded
[2026-10-09 07:54:45] [INFO    ] [AppiumDriverFactory:on_test_start:23] - [START] [TC_MOB_DASH_013] [Dashboard] Verify Mobile Dashboard KPI Cards & Pull-to-Refresh Gesture (Case 13)
[2026-10-09 07:54:45] [INFO    ] [AppiumDriverFactory:on_test_success:26] - [PASS] [TC_MOB_DASH_013] (0.00s) - Pull-to-refresh completed and stats reloaded
[2026-10-09 07:54:45] [INFO    ] [AppiumDriverFactory:on_test_start:23] - [START] [TC_MOB_DASH_014] [Dashboard] Verify Mobile Dashboard KPI Cards & Pull-to-Refresh Gesture (Case 14)
[2026-10-09 07:54:45] [INFO    ] [AppiumDriverFactory:on_test_success:26] - [PASS] [TC_MOB_DASH_014] (0.00s) - Pull-to-refresh completed and stats reloaded
[2026-10-09 07:54:45] [INFO    ] [AppiumDriverFactory:on_test_start:23] - [START] [TC_MOB_DASH_015] [Dashboard] Verify Mobile Dashboard KPI Cards & Pull-to-Refresh Gesture (Case 15)
[2026-10-09 07:54:45] [INFO    ] [AppiumDriverFactory:on_test_success:26] - [PASS] [TC_MOB_DASH_015] (0.00s) - Pull-to-refresh completed and stats reloaded
[2026-10-09 07:54:45] [INFO    ] [AppiumDriverFactory:on_test_start:23] - [START] [TC_MOB_DASH_016] [Dashboard] Verify Mobile Dashboard KPI Cards & Pull-to-Refresh Gesture (Case 16)
[2026-10-09 07:54:45] [INFO    ] [AppiumDriverFactory:on_test_success:26] - [PASS] [TC_MOB_DASH_016] (0.00s) - Pull-to-refresh completed and stats reloaded
[2026-10-09 07:54:45] [INFO    ] [AppiumDriverFactory:on_test_start:23] - [START] [TC_MOB_DASH_017] [Dashboard] Verify Mobile Dashboard KPI Cards & Pull-to-Refresh Gesture (Case 17)
[2026-10-09 07:54:45] [INFO    ] [AppiumDriverFactory:on_test_success:26] - [PASS] [TC_MOB_DASH_017] (0.00s) - Pull-to-refresh completed and stats reloaded
[2026-10-09 07:54:45] [INFO    ] [AppiumDriverFactory:on_test_start:23] - [START] [TC_MOB_DASH_018] [Dashboard] Verify Mobile Dashboard KPI Cards & Pull-to-Refresh Gesture (Case 18)
[2026-10-09 07:54:45] [INFO    ] [AppiumDriverFactory:on_test_success:26] - [PASS] [TC_MOB_DASH_018] (0.00s) - Pull-to-refresh completed and stats reloaded
[2026-10-09 07:54:45] [INFO    ] [AppiumDriverFactory:on_test_start:23] - [START] [TC_MOB_DASH_019] [Dashboard] Verify Mobile Dashboard KPI Cards & Pull-to-Refresh Gesture (Case 19)
[2026-10-09 07:54:45] [INFO    ] [AppiumDriverFactory:on_test_success:26] - [PASS] [TC_MOB_DASH_019] (0.00s) - Pull-to-refresh completed and stats reloaded
[2026-10-09 07:54:45] [INFO    ] [AppiumDriverFactory:on_test_start:23] - [START] [TC_MOB_DASH_020] [Dashboard] Verify Mobile Dashboard KPI Cards & Pull-to-Refresh Gesture (Case 20)
[2026-10-09 07:54:45] [INFO    ] [AppiumDriverFactory:on_test_success:26] - [PASS] [TC_MOB_DASH_020] (0.00s) - Pull-to-refresh completed and stats reloaded
[2026-10-09 07:54:45] [INFO    ] [AppiumDriverFactory:on_test_start:23] - [START] [TC_MOB_FORM_001] [Forms] Verify Android Form Focus, Keyboard Dismissal & Validation in Clinical Intake (Case 1)
[2026-10-09 07:54:45] [INFO    ] [AppiumDriverFactory:on_test_success:26] - [PASS] [TC_MOB_FORM_001] (0.00s) - Soft keyboard handling and field validation verified
[2026-10-09 07:54:45] [INFO    ] [AppiumDriverFactory:on_test_start:23] - [START] [TC_MOB_FORM_002] [Forms] Verify Android Form Focus, Keyboard Dismissal & Validation in Clinical Intake (Case 2)
[2026-10-09 07:54:45] [INFO    ] [AppiumDriverFactory:on_test_success:26] - [PASS] [TC_MOB_FORM_002] (0.00s) - Soft keyboard handling and field validation verified
[2026-10-09 07:54:45] [INFO    ] [AppiumDriverFactory:on_test_start:23] - [START] [TC_MOB_FORM_003] [Forms] Verify Android Form Focus, Keyboard Dismissal & Validation in Clinical Intake (Case 3)
[2026-10-09 07:54:45] [INFO    ] [AppiumDriverFactory:on_test_success:26] - [PASS] [TC_MOB_FORM_003] (0.00s) - Soft keyboard handling and field validation verified
[2026-10-09 07:54:45] [INFO    ] [AppiumDriverFactory:on_test_start:23] - [START] [TC_MOB_FORM_004] [Forms] Verify Android Form Focus, Keyboard Dismissal & Validation in Clinical Intake (Case 4)
[2026-10-09 07:54:45] [INFO    ] [AppiumDriverFactory:on_test_success:26] - [PASS] [TC_MOB_FORM_004] (0.00s) - Soft keyboard handling and field validation verified
[2026-10-09 07:54:45] [INFO    ] [AppiumDriverFactory:on_test_start:23] - [START] [TC_MOB_FORM_005] [Forms] Verify Android Form Focus, Keyboard Dismissal & Validation in Clinical Intake (Case 5)
[2026-10-09 07:54:45] [INFO    ] [AppiumDriverFactory:on_test_success:26] - [PASS] [TC_MOB_FORM_005] (0.00s) - Soft keyboard handling and field validation verified
[2026-10-09 07:54:45] [INFO    ] [AppiumDriverFactory:on_test_start:23] - [START] [TC_MOB_FORM_006] [Forms] Verify Android Form Focus, Keyboard Dismissal & Validation in Clinical Intake (Case 6)
[2026-10-09 07:54:45] [INFO    ] [AppiumDriverFactory:on_test_success:26] - [PASS] [TC_MOB_FORM_006] (0.00s) - Soft keyboard handling and field validation verified
[2026-10-09 07:54:45] [INFO    ] [AppiumDriverFactory:on_test_start:23] - [START] [TC_MOB_FORM_007] [Forms] Verify Android Form Focus, Keyboard Dismissal & Validation in Clinical Intake (Case 7)
[2026-10-09 07:54:45] [INFO    ] [AppiumDriverFactory:on_test_success:26] - [PASS] [TC_MOB_FORM_007] (0.00s) - Soft keyboard handling and field validation verified
[2026-10-09 07:54:45] [INFO    ] [AppiumDriverFactory:on_test_start:23] - [START] [TC_MOB_FORM_008] [Forms] Verify Android Form Focus, Keyboard Dismissal & Validation in Clinical Intake (Case 8)
[2026-10-09 07:54:45] [INFO    ] [AppiumDriverFactory:on_test_success:26] - [PASS] [TC_MOB_FORM_008] (0.00s) - Soft keyboard handling and field validation verified
[2026-10-09 07:54:45] [INFO    ] [AppiumDriverFactory:on_test_start:23] - [START] [TC_MOB_FORM_009] [Forms] Verify Android Form Focus, Keyboard Dismissal & Validation in Clinical Intake (Case 9)
[2026-10-09 07:54:45] [INFO    ] [AppiumDriverFactory:on_test_success:26] - [PASS] [TC_MOB_FORM_009] (0.00s) - Soft keyboard handling and field validation verified
[2026-10-09 07:54:45] [INFO    ] [AppiumDriverFactory:on_test_start:23] - [START] [TC_MOB_FORM_010] [Forms] Verify Android Form Focus, Keyboard Dismissal & Validation in Clinical Intake (Case 10)
[2026-10-09 07:54:45] [INFO    ] [AppiumDriverFactory:on_test_success:26] - [PASS] [TC_MOB_FORM_010] (0.00s) - Soft keyboard handling and field validation verified
[2026-10-09 07:54:45] [INFO    ] [AppiumDriverFactory:on_test_start:23] - [START] [TC_MOB_FORM_011] [Forms] Verify Android Form Focus, Keyboard Dismissal & Validation in Clinical Intake (Case 11)
[2026-10-09 07:54:45] [INFO    ] [AppiumDriverFactory:on_test_success:26] - [PASS] [TC_MOB_FORM_011] (0.00s) - Soft keyboard handling and field validation verified
[2026-10-09 07:54:45] [INFO    ] [AppiumDriverFactory:on_test_start:23] - [START] [TC_MOB_FORM_012] [Forms] Verify Android Form Focus, Keyboard Dismissal & Validation in Clinical Intake (Case 12)
[2026-10-09 07:54:45] [INFO    ] [AppiumDriverFactory:on_test_success:26] - [PASS] [TC_MOB_FORM_012] (0.00s) - Soft keyboard handling and field validation verified
[2026-10-09 07:54:45] [INFO    ] [AppiumDriverFactory:on_test_start:23] - [START] [TC_MOB_FORM_013] [Forms] Verify Android Form Focus, Keyboard Dismissal & Validation in Clinical Intake (Case 13)
[2026-10-09 07:54:45] [INFO    ] [AppiumDriverFactory:on_test_success:26] - [PASS] [TC_MOB_FORM_013] (0.00s) - Soft keyboard handling and field validation verified
[2026-10-09 07:54:45] [INFO    ] [AppiumDriverFactory:on_test_start:23] - [START] [TC_MOB_FORM_014] [Forms] Verify Android Form Focus, Keyboard Dismissal & Validation in Clinical Intake (Case 14)
[2026-10-09 07:54:45] [INFO    ] [AppiumDriverFactory:on_test_success:26] - [PASS] [TC_MOB_FORM_014] (0.00s) - Soft keyboard handling and field validation verified
[2026-10-09 07:54:45] [INFO    ] [AppiumDriverFactory:on_test_start:23] - [START] [TC_MOB_FORM_015] [Forms] Verify Android Form Focus, Keyboard Dismissal & Validation in Clinical Intake (Case 15)
[2026-10-09 07:54:45] [INFO    ] [AppiumDriverFactory:on_test_success:26] - [PASS] [TC_MOB_FORM_015] (0.00s) - Soft keyboard handling and field validation verified
[2026-10-09 07:54:45] [INFO    ] [AppiumDriverFactory:on_test_start:23] - [START] [TC_MOB_FORM_016] [Forms] Verify Android Form Focus, Keyboard Dismissal & Validation in Clinical Intake (Case 16)
[2026-10-09 07:54:45] [INFO    ] [AppiumDriverFactory:on_test_success:26] - [PASS] [TC_MOB_FORM_016] (0.00s) - Soft keyboard handling and field validation verified
[2026-10-09 07:54:45] [INFO    ] [AppiumDriverFactory:on_test_start:23] - [START] [TC_MOB_FORM_017] [Forms] Verify Android Form Focus, Keyboard Dismissal & Validation in Clinical Intake (Case 17)
[2026-10-09 07:54:45] [INFO    ] [AppiumDriverFactory:on_test_success:26] - [PASS] [TC_MOB_FORM_017] (0.00s) - Soft keyboard handling and field validation verified
[2026-10-09 07:54:45] [INFO    ] [AppiumDriverFactory:on_test_start:23] - [START] [TC_MOB_FORM_018] [Forms] Verify Android Form Focus, Keyboard Dismissal & Validation in Clinical Intake (Case 18)
[2026-10-09 07:54:45] [INFO    ] [AppiumDriverFactory:on_test_success:26] - [PASS] [TC_MOB_FORM_018] (0.00s) - Soft keyboard handling and field validation verified
[2026-10-09 07:54:45] [INFO    ] [AppiumDriverFactory:on_test_start:23] - [START] [TC_MOB_FORM_019] [Forms] Verify Android Form Focus, Keyboard Dismissal & Validation in Clinical Intake (Case 19)
[2026-10-09 07:54:45] [INFO    ] [AppiumDriverFactory:on_test_success:26] - [PASS] [TC_MOB_FORM_019] (0.00s) - Soft keyboard handling and field validation verified
[2026-10-09 07:54:45] [INFO    ] [AppiumDriverFactory:on_test_start:23] - [START] [TC_MOB_FORM_020] [Forms] Verify Android Form Focus, Keyboard Dismissal & Validation in Clinical Intake (Case 20)
[2026-10-09 07:54:45] [INFO    ] [AppiumDriverFactory:on_test_success:26] - [PASS] [TC_MOB_FORM_020] (0.00s) - Soft keyboard handling and field validation verified
[2026-10-09 07:54:45] [INFO    ] [AppiumDriverFactory:on_test_start:23] - [START] [TC_MOB_FORM_021] [Forms] Verify Android Form Focus, Keyboard Dismissal & Validation in Clinical Intake (Case 21)
[2026-10-09 07:54:45] [INFO    ] [AppiumDriverFactory:on_test_success:26] - [PASS] [TC_MOB_FORM_021] (0.00s) - Soft keyboard handling and field validation verified
[2026-10-09 07:54:45] [INFO    ] [AppiumDriverFactory:on_test_start:23] - [START] [TC_MOB_FORM_022] [Forms] Verify Android Form Focus, Keyboard Dismissal & Validation in Clinical Intake (Case 22)
[2026-10-09 07:54:45] [INFO    ] [AppiumDriverFactory:on_test_success:26] - [PASS] [TC_MOB_FORM_022] (0.00s) - Soft keyboard handling and field validation verified
[2026-10-09 07:54:45] [INFO    ] [AppiumDriverFactory:on_test_start:23] - [START] [TC_MOB_FORM_023] [Forms] Verify Android Form Focus, Keyboard Dismissal & Validation in Clinical Intake (Case 23)
[2026-10-09 07:54:45] [INFO    ] [AppiumDriverFactory:on_test_success:26] - [PASS] [TC_MOB_FORM_023] (0.00s) - Soft keyboard handling and field validation verified
[2026-10-09 07:54:45] [INFO    ] [AppiumDriverFactory:on_test_start:23] - [START] [TC_MOB_FORM_024] [Forms] Verify Android Form Focus, Keyboard Dismissal & Validation in Clinical Intake (Case 24)
[2026-10-09 07:54:45] [INFO    ] [AppiumDriverFactory:on_test_success:26] - [PASS] [TC_MOB_FORM_024] (0.00s) - Soft keyboard handling and field validation verified
[2026-10-09 07:54:45] [INFO    ] [AppiumDriverFactory:on_test_start:23] - [START] [TC_MOB_FORM_025] [Forms] Verify Android Form Focus, Keyboard Dismissal & Validation in Clinical Intake (Case 25)
[2026-10-09 07:54:45] [INFO    ] [AppiumDriverFactory:on_test_success:26] - [PASS] [TC_MOB_FORM_025] (0.00s) - Soft keyboard handling and field validation verified
[2026-10-09 07:54:45] [INFO    ] [AppiumDriverFactory:on_test_start:23] - [START] [TC_MOB_FORM_026] [Forms] Verify Android Form Focus, Keyboard Dismissal & Validation in Clinical Intake (Case 26)
[2026-10-09 07:54:45] [INFO    ] [AppiumDriverFactory:on_test_success:26] - [PASS] [TC_MOB_FORM_026] (0.00s) - Soft keyboard handling and field validation verified
[2026-10-09 07:54:45] [INFO    ] [AppiumDriverFactory:on_test_start:23] - [START] [TC_MOB_FORM_027] [Forms] Verify Android Form Focus, Keyboard Dismissal & Validation in Clinical Intake (Case 27)
[2026-10-09 07:54:45] [INFO    ] [AppiumDriverFactory:on_test_success:26] - [PASS] [TC_MOB_FORM_027] (0.00s) - Soft keyboard handling and field validation verified
[2026-10-09 07:54:45] [INFO    ] [AppiumDriverFactory:on_test_start:23] - [START] [TC_MOB_FORM_028] [Forms] Verify Android Form Focus, Keyboard Dismissal & Validation in Clinical Intake (Case 28)
[2026-10-09 07:54:45] [INFO    ] [AppiumDriverFactory:on_test_success:26] - [PASS] [TC_MOB_FORM_028] (0.00s) - Soft keyboard handling and field validation verified
[2026-10-09 07:54:45] [INFO    ] [AppiumDriverFactory:on_test_start:23] - [START] [TC_MOB_FORM_029] [Forms] Verify Android Form Focus, Keyboard Dismissal & Validation in Clinical Intake (Case 29)
[2026-10-09 07:54:45] [INFO    ] [AppiumDriverFactory:on_test_success:26] - [PASS] [TC_MOB_FORM_029] (0.00s) - Soft keyboard handling and field validation verified
[2026-10-09 07:54:45] [INFO    ] [AppiumDriverFactory:on_test_start:23] - [START] [TC_MOB_FORM_030] [Forms] Verify Android Form Focus, Keyboard Dismissal & Validation in Clinical Intake (Case 30)
[2026-10-09 07:54:45] [INFO    ] [AppiumDriverFactory:on_test_success:26] - [PASS] [TC_MOB_FORM_030] (0.00s) - Soft keyboard handling and field validation verified
[2026-10-09 07:54:45] [INFO    ] [AppiumDriverFactory:on_test_start:23] - [START] [TC_MOB_FORM_031] [Forms] Verify Android Form Focus, Keyboard Dismissal & Validation in Clinical Intake (Case 31)
[2026-10-09 07:54:45] [INFO    ] [AppiumDriverFactory:on_test_success:26] - [PASS] [TC_MOB_FORM_031] (0.00s) - Soft keyboard handling and field validation verified
[2026-10-09 07:54:45] [INFO    ] [AppiumDriverFactory:on_test_start:23] - [START] [TC_MOB_FORM_032] [Forms] Verify Android Form Focus, Keyboard Dismissal & Validation in Clinical Intake (Case 32)
[2026-10-09 07:54:45] [INFO    ] [AppiumDriverFactory:on_test_success:26] - [PASS] [TC_MOB_FORM_032] (0.00s) - Soft keyboard handling and field validation verified
[2026-10-09 07:54:45] [INFO    ] [AppiumDriverFactory:on_test_start:23] - [START] [TC_MOB_FORM_033] [Forms] Verify Android Form Focus, Keyboard Dismissal & Validation in Clinical Intake (Case 33)
[2026-10-09 07:54:45] [INFO    ] [AppiumDriverFactory:on_test_success:26] - [PASS] [TC_MOB_FORM_033] (0.00s) - Soft keyboard handling and field validation verified
[2026-10-09 07:54:45] [INFO    ] [AppiumDriverFactory:on_test_start:23] - [START] [TC_MOB_FORM_034] [Forms] Verify Android Form Focus, Keyboard Dismissal & Validation in Clinical Intake (Case 34)
[2026-10-09 07:54:45] [INFO    ] [AppiumDriverFactory:on_test_success:26] - [PASS] [TC_MOB_FORM_034] (0.00s) - Soft keyboard handling and field validation verified
[2026-10-09 07:54:45] [INFO    ] [AppiumDriverFactory:on_test_start:23] - [START] [TC_MOB_FORM_035] [Forms] Verify Android Form Focus, Keyboard Dismissal & Validation in Clinical Intake (Case 35)
[2026-10-09 07:54:45] [INFO    ] [AppiumDriverFactory:on_test_success:26] - [PASS] [TC_MOB_FORM_035] (0.00s) - Soft keyboard handling and field validation verified
[2026-10-09 07:54:45] [INFO    ] [AppiumDriverFactory:on_test_start:23] - [START] [TC_MOB_FORM_036] [Forms] Verify Android Form Focus, Keyboard Dismissal & Validation in Clinical Intake (Case 36)
[2026-10-09 07:54:45] [INFO    ] [AppiumDriverFactory:on_test_success:26] - [PASS] [TC_MOB_FORM_036] (0.00s) - Soft keyboard handling and field validation verified
[2026-10-09 07:54:45] [INFO    ] [AppiumDriverFactory:on_test_start:23] - [START] [TC_MOB_FORM_037] [Forms] Verify Android Form Focus, Keyboard Dismissal & Validation in Clinical Intake (Case 37)
[2026-10-09 07:54:45] [INFO    ] [AppiumDriverFactory:on_test_success:26] - [PASS] [TC_MOB_FORM_037] (0.00s) - Soft keyboard handling and field validation verified
[2026-10-09 07:54:45] [INFO    ] [AppiumDriverFactory:on_test_start:23] - [START] [TC_MOB_FORM_038] [Forms] Verify Android Form Focus, Keyboard Dismissal & Validation in Clinical Intake (Case 38)
[2026-10-09 07:54:45] [INFO    ] [AppiumDriverFactory:on_test_success:26] - [PASS] [TC_MOB_FORM_038] (0.00s) - Soft keyboard handling and field validation verified
[2026-10-09 07:54:45] [INFO    ] [AppiumDriverFactory:on_test_start:23] - [START] [TC_MOB_FORM_039] [Forms] Verify Android Form Focus, Keyboard Dismissal & Validation in Clinical Intake (Case 39)
[2026-10-09 07:54:45] [INFO    ] [AppiumDriverFactory:on_test_success:26] - [PASS] [TC_MOB_FORM_039] (0.00s) - Soft keyboard handling and field validation verified
[2026-10-09 07:54:45] [INFO    ] [AppiumDriverFactory:on_test_start:23] - [START] [TC_MOB_FORM_040] [Forms] Verify Android Form Focus, Keyboard Dismissal & Validation in Clinical Intake (Case 40)
[2026-10-09 07:54:45] [INFO    ] [AppiumDriverFactory:on_test_success:26] - [PASS] [TC_MOB_FORM_040] (0.00s) - Soft keyboard handling and field validation verified
[2026-10-09 07:54:45] [INFO    ] [AppiumDriverFactory:on_test_start:23] - [START] [TC_MOB_CRUD_001] [CRUD Operations] Verify Mobile CREATE Operation for Patient (Case 1)
[2026-10-09 07:54:45] [INFO    ] [AppiumDriverFactory:on_test_success:26] - [PASS] [TC_MOB_CRUD_001] (0.00s) - CREATE on Patient verified
[2026-10-09 07:54:45] [INFO    ] [AppiumDriverFactory:on_test_start:23] - [START] [TC_MOB_CRUD_002] [CRUD Operations] Verify Mobile READ Operation for Appointment (Case 2)
[2026-10-09 07:54:45] [INFO    ] [AppiumDriverFactory:on_test_success:26] - [PASS] [TC_MOB_CRUD_002] (0.00s) - READ on Appointment verified
[2026-10-09 07:54:45] [INFO    ] [AppiumDriverFactory:on_test_start:23] - [START] [TC_MOB_CRUD_003] [CRUD Operations] Verify Mobile UPDATE Operation for Prescription (Case 3)
[2026-10-09 07:54:45] [INFO    ] [AppiumDriverFactory:on_test_success:26] - [PASS] [TC_MOB_CRUD_003] (0.00s) - UPDATE on Prescription verified
[2026-10-09 07:54:45] [INFO    ] [AppiumDriverFactory:on_test_start:23] - [START] [TC_MOB_CRUD_004] [CRUD Operations] Verify Mobile DELETE Operation for Clinical Note (Case 4)
[2026-10-09 07:54:45] [INFO    ] [AppiumDriverFactory:on_test_success:26] - [PASS] [TC_MOB_CRUD_004] (0.00s) - DELETE on Clinical Note verified
[2026-10-09 07:54:45] [INFO    ] [AppiumDriverFactory:on_test_start:23] - [START] [TC_MOB_CRUD_005] [CRUD Operations] Verify Mobile CREATE Operation for Patient (Case 5)
[2026-10-09 07:54:45] [INFO    ] [AppiumDriverFactory:on_test_success:26] - [PASS] [TC_MOB_CRUD_005] (0.00s) - CREATE on Patient verified
[2026-10-09 07:54:45] [INFO    ] [AppiumDriverFactory:on_test_start:23] - [START] [TC_MOB_CRUD_006] [CRUD Operations] Verify Mobile READ Operation for Appointment (Case 6)
[2026-10-09 07:54:45] [INFO    ] [AppiumDriverFactory:on_test_success:26] - [PASS] [TC_MOB_CRUD_006] (0.00s) - READ on Appointment verified
[2026-10-09 07:54:45] [INFO    ] [AppiumDriverFactory:on_test_start:23] - [START] [TC_MOB_CRUD_007] [CRUD Operations] Verify Mobile UPDATE Operation for Prescription (Case 7)
[2026-10-09 07:54:45] [INFO    ] [AppiumDriverFactory:on_test_success:26] - [PASS] [TC_MOB_CRUD_007] (0.00s) - UPDATE on Prescription verified
[2026-10-09 07:54:45] [INFO    ] [AppiumDriverFactory:on_test_start:23] - [START] [TC_MOB_CRUD_008] [CRUD Operations] Verify Mobile DELETE Operation for Clinical Note (Case 8)
[2026-10-09 07:54:45] [INFO    ] [AppiumDriverFactory:on_test_success:26] - [PASS] [TC_MOB_CRUD_008] (0.00s) - DELETE on Clinical Note verified
[2026-10-09 07:54:45] [INFO    ] [AppiumDriverFactory:on_test_start:23] - [START] [TC_MOB_CRUD_009] [CRUD Operations] Verify Mobile CREATE Operation for Patient (Case 9)
[2026-10-09 07:54:45] [INFO    ] [AppiumDriverFactory:on_test_success:26] - [PASS] [TC_MOB_CRUD_009] (0.00s) - CREATE on Patient verified
[2026-10-09 07:54:45] [INFO    ] [AppiumDriverFactory:on_test_start:23] - [START] [TC_MOB_CRUD_010] [CRUD Operations] Verify Mobile READ Operation for Appointment (Case 10)
[2026-10-09 07:54:45] [INFO    ] [AppiumDriverFactory:on_test_success:26] - [PASS] [TC_MOB_CRUD_010] (0.00s) - READ on Appointment verified
[2026-10-09 07:54:45] [INFO    ] [AppiumDriverFactory:on_test_start:23] - [START] [TC_MOB_CRUD_011] [CRUD Operations] Verify Mobile UPDATE Operation for Prescription (Case 11)
[2026-10-09 07:54:45] [INFO    ] [AppiumDriverFactory:on_test_success:26] - [PASS] [TC_MOB_CRUD_011] (0.00s) - UPDATE on Prescription verified
[2026-10-09 07:54:45] [INFO    ] [AppiumDriverFactory:on_test_start:23] - [START] [TC_MOB_CRUD_012] [CRUD Operations] Verify Mobile DELETE Operation for Clinical Note (Case 12)
[2026-10-09 07:54:45] [INFO    ] [AppiumDriverFactory:on_test_success:26] - [PASS] [TC_MOB_CRUD_012] (0.00s) - DELETE on Clinical Note verified
[2026-10-09 07:54:45] [INFO    ] [AppiumDriverFactory:on_test_start:23] - [START] [TC_MOB_CRUD_013] [CRUD Operations] Verify Mobile CREATE Operation for Patient (Case 13)
[2026-10-09 07:54:45] [INFO    ] [AppiumDriverFactory:on_test_success:26] - [PASS] [TC_MOB_CRUD_013] (0.00s) - CREATE on Patient verified
[2026-10-09 07:54:45] [INFO    ] [AppiumDriverFactory:on_test_start:23] - [START] [TC_MOB_CRUD_014] [CRUD Operations] Verify Mobile READ Operation for Appointment (Case 14)
[2026-10-09 07:54:45] [INFO    ] [AppiumDriverFactory:on_test_success:26] - [PASS] [TC_MOB_CRUD_014] (0.00s) - READ on Appointment verified
[2026-10-09 07:54:45] [INFO    ] [AppiumDriverFactory:on_test_start:23] - [START] [TC_MOB_CRUD_015] [CRUD Operations] Verify Mobile UPDATE Operation for Prescription (Case 15)
[2026-10-09 07:54:45] [INFO    ] [AppiumDriverFactory:on_test_success:26] - [PASS] [TC_MOB_CRUD_015] (0.00s) - UPDATE on Prescription verified
[2026-10-09 07:54:45] [INFO    ] [AppiumDriverFactory:on_test_start:23] - [START] [TC_MOB_CRUD_016] [CRUD Operations] Verify Mobile DELETE Operation for Clinical Note (Case 16)
[2026-10-09 07:54:45] [INFO    ] [AppiumDriverFactory:on_test_success:26] - [PASS] [TC_MOB_CRUD_016] (0.00s) - DELETE on Clinical Note verified
[2026-10-09 07:54:45] [INFO    ] [AppiumDriverFactory:on_test_start:23] - [START] [TC_MOB_CRUD_017] [CRUD Operations] Verify Mobile CREATE Operation for Patient (Case 17)
[2026-10-09 07:54:45] [INFO    ] [AppiumDriverFactory:on_test_success:26] - [PASS] [TC_MOB_CRUD_017] (0.00s) - CREATE on Patient verified
[2026-10-09 07:54:45] [INFO    ] [AppiumDriverFactory:on_test_start:23] - [START] [TC_MOB_CRUD_018] [CRUD Operations] Verify Mobile READ Operation for Appointment (Case 18)
[2026-10-09 07:54:45] [INFO    ] [AppiumDriverFactory:on_test_success:26] - [PASS] [TC_MOB_CRUD_018] (0.00s) - READ on Appointment verified
[2026-10-09 07:54:45] [INFO    ] [AppiumDriverFactory:on_test_start:23] - [START] [TC_MOB_CRUD_019] [CRUD Operations] Verify Mobile UPDATE Operation for Prescription (Case 19)
[2026-10-09 07:54:45] [INFO    ] [AppiumDriverFactory:on_test_success:26] - [PASS] [TC_MOB_CRUD_019] (0.00s) - UPDATE on Prescription verified
[2026-10-09 07:54:45] [INFO    ] [AppiumDriverFactory:on_test_start:23] - [START] [TC_MOB_CRUD_020] [CRUD Operations] Verify Mobile DELETE Operation for Clinical Note (Case 20)
[2026-10-09 07:54:45] [INFO    ] [AppiumDriverFactory:on_test_success:26] - [PASS] [TC_MOB_CRUD_020] (0.00s) - DELETE on Clinical Note verified
[2026-10-09 07:54:45] [INFO    ] [AppiumDriverFactory:on_test_start:23] - [START] [TC_MOB_CRUD_021] [CRUD Operations] Verify Mobile CREATE Operation for Patient (Case 21)
[2026-10-09 07:54:45] [INFO    ] [AppiumDriverFactory:on_test_success:26] - [PASS] [TC_MOB_CRUD_021] (0.00s) - CREATE on Patient verified
[2026-10-09 07:54:45] [INFO    ] [AppiumDriverFactory:on_test_start:23] - [START] [TC_MOB_CRUD_022] [CRUD Operations] Verify Mobile READ Operation for Appointment (Case 22)
[2026-10-09 07:54:45] [INFO    ] [AppiumDriverFactory:on_test_success:26] - [PASS] [TC_MOB_CRUD_022] (0.00s) - READ on Appointment verified
[2026-10-09 07:54:45] [INFO    ] [AppiumDriverFactory:on_test_start:23] - [START] [TC_MOB_CRUD_023] [CRUD Operations] Verify Mobile UPDATE Operation for Prescription (Case 23)
[2026-10-09 07:54:45] [INFO    ] [AppiumDriverFactory:on_test_success:26] - [PASS] [TC_MOB_CRUD_023] (0.00s) - UPDATE on Prescription verified
[2026-10-09 07:54:45] [INFO    ] [AppiumDriverFactory:on_test_start:23] - [START] [TC_MOB_CRUD_024] [CRUD Operations] Verify Mobile DELETE Operation for Clinical Note (Case 24)
[2026-10-09 07:54:45] [INFO    ] [AppiumDriverFactory:on_test_success:26] - [PASS] [TC_MOB_CRUD_024] (0.00s) - DELETE on Clinical Note verified
[2026-10-09 07:54:45] [INFO    ] [AppiumDriverFactory:on_test_start:23] - [START] [TC_MOB_CRUD_025] [CRUD Operations] Verify Mobile CREATE Operation for Patient (Case 25)
[2026-10-09 07:54:45] [INFO    ] [AppiumDriverFactory:on_test_success:26] - [PASS] [TC_MOB_CRUD_025] (0.00s) - CREATE on Patient verified
[2026-10-09 07:54:45] [INFO    ] [AppiumDriverFactory:on_test_start:23] - [START] [TC_MOB_CRUD_026] [CRUD Operations] Verify Mobile READ Operation for Appointment (Case 26)
[2026-10-09 07:54:45] [INFO    ] [AppiumDriverFactory:on_test_success:26] - [PASS] [TC_MOB_CRUD_026] (0.00s) - READ on Appointment verified
[2026-10-09 07:54:45] [INFO    ] [AppiumDriverFactory:on_test_start:23] - [START] [TC_MOB_CRUD_027] [CRUD Operations] Verify Mobile UPDATE Operation for Prescription (Case 27)
[2026-10-09 07:54:45] [INFO    ] [AppiumDriverFactory:on_test_success:26] - [PASS] [TC_MOB_CRUD_027] (0.00s) - UPDATE on Prescription verified
[2026-10-09 07:54:45] [INFO    ] [AppiumDriverFactory:on_test_start:23] - [START] [TC_MOB_CRUD_028] [CRUD Operations] Verify Mobile DELETE Operation for Clinical Note (Case 28)
[2026-10-09 07:54:45] [INFO    ] [AppiumDriverFactory:on_test_success:26] - [PASS] [TC_MOB_CRUD_028] (0.00s) - DELETE on Clinical Note verified
[2026-10-09 07:54:45] [INFO    ] [AppiumDriverFactory:on_test_start:23] - [START] [TC_MOB_CRUD_029] [CRUD Operations] Verify Mobile CREATE Operation for Patient (Case 29)
[2026-10-09 07:54:45] [INFO    ] [AppiumDriverFactory:on_test_success:26] - [PASS] [TC_MOB_CRUD_029] (0.00s) - CREATE on Patient verified
[2026-10-09 07:54:45] [INFO    ] [AppiumDriverFactory:on_test_start:23] - [START] [TC_MOB_CRUD_030] [CRUD Operations] Verify Mobile READ Operation for Appointment (Case 30)
[2026-10-09 07:54:45] [INFO    ] [AppiumDriverFactory:on_test_success:26] - [PASS] [TC_MOB_CRUD_030] (0.00s) - READ on Appointment verified
[2026-10-09 07:54:45] [INFO    ] [AppiumDriverFactory:on_test_start:23] - [START] [TC_MOB_CRUD_031] [CRUD Operations] Verify Mobile UPDATE Operation for Prescription (Case 31)
[2026-10-09 07:54:45] [INFO    ] [AppiumDriverFactory:on_test_success:26] - [PASS] [TC_MOB_CRUD_031] (0.00s) - UPDATE on Prescription verified
[2026-10-09 07:54:45] [INFO    ] [AppiumDriverFactory:on_test_start:23] - [START] [TC_MOB_CRUD_032] [CRUD Operations] Verify Mobile DELETE Operation for Clinical Note (Case 32)
[2026-10-09 07:54:45] [INFO    ] [AppiumDriverFactory:on_test_success:26] - [PASS] [TC_MOB_CRUD_032] (0.00s) - DELETE on Clinical Note verified
[2026-10-09 07:54:45] [INFO    ] [AppiumDriverFactory:on_test_start:23] - [START] [TC_MOB_CRUD_033] [CRUD Operations] Verify Mobile CREATE Operation for Patient (Case 33)
[2026-10-09 07:54:45] [INFO    ] [AppiumDriverFactory:on_test_success:26] - [PASS] [TC_MOB_CRUD_033] (0.00s) - CREATE on Patient verified
[2026-10-09 07:54:45] [INFO    ] [AppiumDriverFactory:on_test_start:23] - [START] [TC_MOB_CRUD_034] [CRUD Operations] Verify Mobile READ Operation for Appointment (Case 34)
[2026-10-09 07:54:45] [INFO    ] [AppiumDriverFactory:on_test_success:26] - [PASS] [TC_MOB_CRUD_034] (0.00s) - READ on Appointment verified
[2026-10-09 07:54:45] [INFO    ] [AppiumDriverFactory:on_test_start:23] - [START] [TC_MOB_CRUD_035] [CRUD Operations] Verify Mobile UPDATE Operation for Prescription (Case 35)
[2026-10-09 07:54:45] [INFO    ] [AppiumDriverFactory:on_test_success:26] - [PASS] [TC_MOB_CRUD_035] (0.00s) - UPDATE on Prescription verified
[2026-10-09 07:54:45] [INFO    ] [AppiumDriverFactory:on_test_start:23] - [START] [TC_MOB_CRUD_036] [CRUD Operations] Verify Mobile DELETE Operation for Clinical Note (Case 36)
[2026-10-09 07:54:45] [INFO    ] [AppiumDriverFactory:on_test_success:26] - [PASS] [TC_MOB_CRUD_036] (0.00s) - DELETE on Clinical Note verified
[2026-10-09 07:54:45] [INFO    ] [AppiumDriverFactory:on_test_start:23] - [START] [TC_MOB_CRUD_037] [CRUD Operations] Verify Mobile CREATE Operation for Patient (Case 37)
[2026-10-09 07:54:45] [INFO    ] [AppiumDriverFactory:on_test_success:26] - [PASS] [TC_MOB_CRUD_037] (0.00s) - CREATE on Patient verified
[2026-10-09 07:54:45] [INFO    ] [AppiumDriverFactory:on_test_start:23] - [START] [TC_MOB_CRUD_038] [CRUD Operations] Verify Mobile READ Operation for Appointment (Case 38)
[2026-10-09 07:54:45] [INFO    ] [AppiumDriverFactory:on_test_success:26] - [PASS] [TC_MOB_CRUD_038] (0.00s) - READ on Appointment verified
[2026-10-09 07:54:45] [INFO    ] [AppiumDriverFactory:on_test_start:23] - [START] [TC_MOB_CRUD_039] [CRUD Operations] Verify Mobile UPDATE Operation for Prescription (Case 39)
[2026-10-09 07:54:45] [INFO    ] [AppiumDriverFactory:on_test_success:26] - [PASS] [TC_MOB_CRUD_039] (0.00s) - UPDATE on Prescription verified
[2026-10-09 07:54:45] [INFO    ] [AppiumDriverFactory:on_test_start:23] - [START] [TC_MOB_CRUD_040] [CRUD Operations] Verify Mobile DELETE Operation for Clinical Note (Case 40)
[2026-10-09 07:54:45] [INFO    ] [AppiumDriverFactory:on_test_success:26] - [PASS] [TC_MOB_CRUD_040] (0.00s) - DELETE on Clinical Note verified
[2026-10-09 07:54:45] [INFO    ] [AppiumDriverFactory:on_test_start:23] - [START] [TC_MOB_SRCH_001] [Search] Verify Search Query Filtering & Debounce Behavior for 'John Doe' (Case 1)
[2026-10-09 07:54:45] [INFO    ] [AppiumDriverFactory:on_test_success:26] - [PASS] [TC_MOB_SRCH_001] (0.00s) - Search results rendered for 'John Doe'
[2026-10-09 07:54:45] [INFO    ] [AppiumDriverFactory:on_test_start:23] - [START] [TC_MOB_SRCH_002] [Search] Verify Search Query Filtering & Debounce Behavior for 'Hypertension' (Case 2)
[2026-10-09 07:54:45] [INFO    ] [AppiumDriverFactory:on_test_success:26] - [PASS] [TC_MOB_SRCH_002] (0.00s) - Search results rendered for 'Hypertension'
[2026-10-09 07:54:45] [INFO    ] [AppiumDriverFactory:on_test_start:23] - [START] [TC_MOB_SRCH_003] [Search] Verify Search Query Filtering & Debounce Behavior for 'Cardiology' (Case 3)
[2026-10-09 07:54:45] [INFO    ] [AppiumDriverFactory:on_test_success:26] - [PASS] [TC_MOB_SRCH_003] (0.00s) - Search results rendered for 'Cardiology'
[2026-10-09 07:54:45] [INFO    ] [AppiumDriverFactory:on_test_start:23] - [START] [TC_MOB_SRCH_004] [Search] Verify Search Query Filtering & Debounce Behavior for 'Prescription Refill' (Case 4)
[2026-10-09 07:54:45] [INFO    ] [AppiumDriverFactory:on_test_success:26] - [PASS] [TC_MOB_SRCH_004] (0.00s) - Search results rendered for 'Prescription Refill'
[2026-10-09 07:54:45] [INFO    ] [AppiumDriverFactory:on_test_start:23] - [START] [TC_MOB_SRCH_005] [Search] Verify Search Query Filtering & Debounce Behavior for 'ECG Report' (Case 5)
[2026-10-09 07:54:45] [INFO    ] [AppiumDriverFactory:on_test_success:26] - [PASS] [TC_MOB_SRCH_005] (0.00s) - Search results rendered for 'ECG Report'
[2026-10-09 07:54:45] [INFO    ] [AppiumDriverFactory:on_test_start:23] - [START] [TC_MOB_SRCH_006] [Search] Verify Search Query Filtering & Debounce Behavior for 'Dr. Sarah' (Case 6)
[2026-10-09 07:54:45] [INFO    ] [AppiumDriverFactory:on_test_success:26] - [PASS] [TC_MOB_SRCH_006] (0.00s) - Search results rendered for 'Dr. Sarah'
[2026-10-09 07:54:45] [INFO    ] [AppiumDriverFactory:on_test_start:23] - [START] [TC_MOB_SRCH_007] [Search] Verify Search Query Filtering & Debounce Behavior for 'Emergency Admission' (Case 7)
[2026-10-09 07:54:45] [INFO    ] [AppiumDriverFactory:on_test_success:26] - [PASS] [TC_MOB_SRCH_007] (0.00s) - Search results rendered for 'Emergency Admission'
[2026-10-09 07:54:45] [INFO    ] [AppiumDriverFactory:on_test_start:23] - [START] [TC_MOB_SRCH_008] [Search] Verify Search Query Filtering & Debounce Behavior for 'Metformin' (Case 8)
[2026-10-09 07:54:45] [INFO    ] [AppiumDriverFactory:on_test_success:26] - [PASS] [TC_MOB_SRCH_008] (0.00s) - Search results rendered for 'Metformin'
[2026-10-09 07:54:45] [INFO    ] [AppiumDriverFactory:on_test_start:23] - [START] [TC_MOB_SRCH_009] [Search] Verify Search Query Filtering & Debounce Behavior for 'John Doe' (Case 9)
[2026-10-09 07:54:45] [INFO    ] [AppiumDriverFactory:on_test_success:26] - [PASS] [TC_MOB_SRCH_009] (0.00s) - Search results rendered for 'John Doe'
[2026-10-09 07:54:45] [INFO    ] [AppiumDriverFactory:on_test_start:23] - [START] [TC_MOB_SRCH_010] [Search] Verify Search Query Filtering & Debounce Behavior for 'Hypertension' (Case 10)
[2026-10-09 07:54:45] [INFO    ] [AppiumDriverFactory:on_test_success:26] - [PASS] [TC_MOB_SRCH_010] (0.00s) - Search results rendered for 'Hypertension'
[2026-10-09 07:54:45] [INFO    ] [AppiumDriverFactory:on_test_start:23] - [START] [TC_MOB_SRCH_011] [Search] Verify Search Query Filtering & Debounce Behavior for 'Cardiology' (Case 11)
[2026-10-09 07:54:45] [INFO    ] [AppiumDriverFactory:on_test_success:26] - [PASS] [TC_MOB_SRCH_011] (0.00s) - Search results rendered for 'Cardiology'
[2026-10-09 07:54:45] [INFO    ] [AppiumDriverFactory:on_test_start:23] - [START] [TC_MOB_SRCH_012] [Search] Verify Search Query Filtering & Debounce Behavior for 'Prescription Refill' (Case 12)
[2026-10-09 07:54:45] [INFO    ] [AppiumDriverFactory:on_test_success:26] - [PASS] [TC_MOB_SRCH_012] (0.00s) - Search results rendered for 'Prescription Refill'
[2026-10-09 07:54:45] [INFO    ] [AppiumDriverFactory:on_test_start:23] - [START] [TC_MOB_SRCH_013] [Search] Verify Search Query Filtering & Debounce Behavior for 'ECG Report' (Case 13)
[2026-10-09 07:54:45] [INFO    ] [AppiumDriverFactory:on_test_success:26] - [PASS] [TC_MOB_SRCH_013] (0.00s) - Search results rendered for 'ECG Report'
[2026-10-09 07:54:45] [INFO    ] [AppiumDriverFactory:on_test_start:23] - [START] [TC_MOB_SRCH_014] [Search] Verify Search Query Filtering & Debounce Behavior for 'Dr. Sarah' (Case 14)
[2026-10-09 07:54:45] [INFO    ] [AppiumDriverFactory:on_test_success:26] - [PASS] [TC_MOB_SRCH_014] (0.00s) - Search results rendered for 'Dr. Sarah'
[2026-10-09 07:54:45] [INFO    ] [AppiumDriverFactory:on_test_start:23] - [START] [TC_MOB_SRCH_015] [Search] Verify Search Query Filtering & Debounce Behavior for 'Emergency Admission' (Case 15)
[2026-10-09 07:54:45] [INFO    ] [AppiumDriverFactory:on_test_success:26] - [PASS] [TC_MOB_SRCH_015] (0.00s) - Search results rendered for 'Emergency Admission'
[2026-10-09 07:54:45] [INFO    ] [AppiumDriverFactory:on_test_start:23] - [START] [TC_MOB_SRCH_016] [Search] Verify Search Query Filtering & Debounce Behavior for 'Metformin' (Case 16)
[2026-10-09 07:54:45] [INFO    ] [AppiumDriverFactory:on_test_success:26] - [PASS] [TC_MOB_SRCH_016] (0.00s) - Search results rendered for 'Metformin'
[2026-10-09 07:54:45] [INFO    ] [AppiumDriverFactory:on_test_start:23] - [START] [TC_MOB_SRCH_017] [Search] Verify Search Query Filtering & Debounce Behavior for 'John Doe' (Case 17)
[2026-10-09 07:54:45] [INFO    ] [AppiumDriverFactory:on_test_success:26] - [PASS] [TC_MOB_SRCH_017] (0.00s) - Search results rendered for 'John Doe'
[2026-10-09 07:54:45] [INFO    ] [AppiumDriverFactory:on_test_start:23] - [START] [TC_MOB_SRCH_018] [Search] Verify Search Query Filtering & Debounce Behavior for 'Hypertension' (Case 18)
[2026-10-09 07:54:45] [INFO    ] [AppiumDriverFactory:on_test_success:26] - [PASS] [TC_MOB_SRCH_018] (0.00s) - Search results rendered for 'Hypertension'
[2026-10-09 07:54:45] [INFO    ] [AppiumDriverFactory:on_test_start:23] - [START] [TC_MOB_SRCH_019] [Search] Verify Search Query Filtering & Debounce Behavior for 'Cardiology' (Case 19)
[2026-10-09 07:54:45] [INFO    ] [AppiumDriverFactory:on_test_success:26] - [PASS] [TC_MOB_SRCH_019] (0.00s) - Search results rendered for 'Cardiology'
[2026-10-09 07:54:45] [INFO    ] [AppiumDriverFactory:on_test_start:23] - [START] [TC_MOB_SRCH_020] [Search] Verify Search Query Filtering & Debounce Behavior for 'Prescription Refill' (Case 20)
[2026-10-09 07:54:45] [INFO    ] [AppiumDriverFactory:on_test_success:26] - [PASS] [TC_MOB_SRCH_020] (0.00s) - Search results rendered for 'Prescription Refill'
[2026-10-09 07:54:45] [INFO    ] [AppiumDriverFactory:on_test_start:23] - [START] [TC_MOB_FLTR_001] [Filters] Verify Multi-Select Chips & Date Range Filter Bottom Sheet (Case 1)
[2026-10-09 07:54:45] [INFO    ] [AppiumDriverFactory:on_test_success:26] - [PASS] [TC_MOB_FLTR_001] (0.00s) - Filter bottom-sheet application verified
[2026-10-09 07:54:45] [INFO    ] [AppiumDriverFactory:on_test_start:23] - [START] [TC_MOB_FLTR_002] [Filters] Verify Multi-Select Chips & Date Range Filter Bottom Sheet (Case 2)
[2026-10-09 07:54:45] [INFO    ] [AppiumDriverFactory:on_test_success:26] - [PASS] [TC_MOB_FLTR_002] (0.00s) - Filter bottom-sheet application verified
[2026-10-09 07:54:45] [INFO    ] [AppiumDriverFactory:on_test_start:23] - [START] [TC_MOB_FLTR_003] [Filters] Verify Multi-Select Chips & Date Range Filter Bottom Sheet (Case 3)
[2026-10-09 07:54:45] [INFO    ] [AppiumDriverFactory:on_test_success:26] - [PASS] [TC_MOB_FLTR_003] (0.00s) - Filter bottom-sheet application verified
[2026-10-09 07:54:45] [INFO    ] [AppiumDriverFactory:on_test_start:23] - [START] [TC_MOB_FLTR_004] [Filters] Verify Multi-Select Chips & Date Range Filter Bottom Sheet (Case 4)
[2026-10-09 07:54:45] [INFO    ] [AppiumDriverFactory:on_test_success:26] - [PASS] [TC_MOB_FLTR_004] (0.00s) - Filter bottom-sheet application verified
[2026-10-09 07:54:45] [INFO    ] [AppiumDriverFactory:on_test_start:23] - [START] [TC_MOB_FLTR_005] [Filters] Verify Multi-Select Chips & Date Range Filter Bottom Sheet (Case 5)
[2026-10-09 07:54:45] [INFO    ] [AppiumDriverFactory:on_test_success:26] - [PASS] [TC_MOB_FLTR_005] (0.00s) - Filter bottom-sheet application verified
[2026-10-09 07:54:45] [INFO    ] [AppiumDriverFactory:on_test_start:23] - [START] [TC_MOB_FLTR_006] [Filters] Verify Multi-Select Chips & Date Range Filter Bottom Sheet (Case 6)
[2026-10-09 07:54:45] [INFO    ] [AppiumDriverFactory:on_test_success:26] - [PASS] [TC_MOB_FLTR_006] (0.00s) - Filter bottom-sheet application verified
[2026-10-09 07:54:45] [INFO    ] [AppiumDriverFactory:on_test_start:23] - [START] [TC_MOB_FLTR_007] [Filters] Verify Multi-Select Chips & Date Range Filter Bottom Sheet (Case 7)
[2026-10-09 07:54:45] [INFO    ] [AppiumDriverFactory:on_test_success:26] - [PASS] [TC_MOB_FLTR_007] (0.00s) - Filter bottom-sheet application verified
[2026-10-09 07:54:45] [INFO    ] [AppiumDriverFactory:on_test_start:23] - [START] [TC_MOB_FLTR_008] [Filters] Verify Multi-Select Chips & Date Range Filter Bottom Sheet (Case 8)
[2026-10-09 07:54:45] [INFO    ] [AppiumDriverFactory:on_test_success:26] - [PASS] [TC_MOB_FLTR_008] (0.00s) - Filter bottom-sheet application verified
[2026-10-09 07:54:45] [INFO    ] [AppiumDriverFactory:on_test_start:23] - [START] [TC_MOB_FLTR_009] [Filters] Verify Multi-Select Chips & Date Range Filter Bottom Sheet (Case 9)
[2026-10-09 07:54:45] [INFO    ] [AppiumDriverFactory:on_test_success:26] - [PASS] [TC_MOB_FLTR_009] (0.00s) - Filter bottom-sheet application verified
[2026-10-09 07:54:45] [INFO    ] [AppiumDriverFactory:on_test_start:23] - [START] [TC_MOB_FLTR_010] [Filters] Verify Multi-Select Chips & Date Range Filter Bottom Sheet (Case 10)
[2026-10-09 07:54:45] [INFO    ] [AppiumDriverFactory:on_test_success:26] - [PASS] [TC_MOB_FLTR_010] (0.00s) - Filter bottom-sheet application verified
[2026-10-09 07:54:45] [INFO    ] [AppiumDriverFactory:on_test_start:23] - [START] [TC_MOB_FLTR_011] [Filters] Verify Multi-Select Chips & Date Range Filter Bottom Sheet (Case 11)
[2026-10-09 07:54:45] [INFO    ] [AppiumDriverFactory:on_test_success:26] - [PASS] [TC_MOB_FLTR_011] (0.00s) - Filter bottom-sheet application verified
[2026-10-09 07:54:45] [INFO    ] [AppiumDriverFactory:on_test_start:23] - [START] [TC_MOB_FLTR_012] [Filters] Verify Multi-Select Chips & Date Range Filter Bottom Sheet (Case 12)
[2026-10-09 07:54:45] [INFO    ] [AppiumDriverFactory:on_test_success:26] - [PASS] [TC_MOB_FLTR_012] (0.00s) - Filter bottom-sheet application verified
[2026-10-09 07:54:45] [INFO    ] [AppiumDriverFactory:on_test_start:23] - [START] [TC_MOB_FLTR_013] [Filters] Verify Multi-Select Chips & Date Range Filter Bottom Sheet (Case 13)
[2026-10-09 07:54:45] [INFO    ] [AppiumDriverFactory:on_test_success:26] - [PASS] [TC_MOB_FLTR_013] (0.00s) - Filter bottom-sheet application verified
[2026-10-09 07:54:45] [INFO    ] [AppiumDriverFactory:on_test_start:23] - [START] [TC_MOB_FLTR_014] [Filters] Verify Multi-Select Chips & Date Range Filter Bottom Sheet (Case 14)
[2026-10-09 07:54:45] [INFO    ] [AppiumDriverFactory:on_test_success:26] - [PASS] [TC_MOB_FLTR_014] (0.00s) - Filter bottom-sheet application verified
[2026-10-09 07:54:45] [INFO    ] [AppiumDriverFactory:on_test_start:23] - [START] [TC_MOB_FLTR_015] [Filters] Verify Multi-Select Chips & Date Range Filter Bottom Sheet (Case 15)
[2026-10-09 07:54:45] [INFO    ] [AppiumDriverFactory:on_test_success:26] - [PASS] [TC_MOB_FLTR_015] (0.00s) - Filter bottom-sheet application verified
[2026-10-09 07:54:45] [INFO    ] [AppiumDriverFactory:on_test_start:23] - [START] [TC_MOB_FLTR_016] [Filters] Verify Multi-Select Chips & Date Range Filter Bottom Sheet (Case 16)
[2026-10-09 07:54:45] [INFO    ] [AppiumDriverFactory:on_test_success:26] - [PASS] [TC_MOB_FLTR_016] (0.00s) - Filter bottom-sheet application verified
[2026-10-09 07:54:45] [INFO    ] [AppiumDriverFactory:on_test_start:23] - [START] [TC_MOB_FLTR_017] [Filters] Verify Multi-Select Chips & Date Range Filter Bottom Sheet (Case 17)
[2026-10-09 07:54:45] [INFO    ] [AppiumDriverFactory:on_test_success:26] - [PASS] [TC_MOB_FLTR_017] (0.00s) - Filter bottom-sheet application verified
[2026-10-09 07:54:45] [INFO    ] [AppiumDriverFactory:on_test_start:23] - [START] [TC_MOB_FLTR_018] [Filters] Verify Multi-Select Chips & Date Range Filter Bottom Sheet (Case 18)
[2026-10-09 07:54:45] [INFO    ] [AppiumDriverFactory:on_test_success:26] - [PASS] [TC_MOB_FLTR_018] (0.00s) - Filter bottom-sheet application verified
[2026-10-09 07:54:45] [INFO    ] [AppiumDriverFactory:on_test_start:23] - [START] [TC_MOB_FLTR_019] [Filters] Verify Multi-Select Chips & Date Range Filter Bottom Sheet (Case 19)
[2026-10-09 07:54:45] [INFO    ] [AppiumDriverFactory:on_test_success:26] - [PASS] [TC_MOB_FLTR_019] (0.00s) - Filter bottom-sheet application verified
[2026-10-09 07:54:45] [INFO    ] [AppiumDriverFactory:on_test_start:23] - [START] [TC_MOB_FLTR_020] [Filters] Verify Multi-Select Chips & Date Range Filter Bottom Sheet (Case 20)
[2026-10-09 07:54:45] [INFO    ] [AppiumDriverFactory:on_test_success:26] - [PASS] [TC_MOB_FLTR_020] (0.00s) - Filter bottom-sheet application verified
[2026-10-09 07:54:45] [INFO    ] [AppiumDriverFactory:on_test_start:23] - [START] [TC_MOB_VAL_001] [Input Validation] Verify Mobile Input Sanitization against SQLi/XSS/Unicode Payloads (Case 1)
[2026-10-09 07:54:45] [INFO    ] [AppiumDriverFactory:on_test_success:26] - [PASS] [TC_MOB_VAL_001] (0.00s) - Boundary input sanitized without crash
[2026-10-09 07:54:45] [INFO    ] [AppiumDriverFactory:on_test_start:23] - [START] [TC_MOB_VAL_002] [Input Validation] Verify Mobile Input Sanitization against SQLi/XSS/Unicode Payloads (Case 2)
[2026-10-09 07:54:45] [INFO    ] [AppiumDriverFactory:on_test_success:26] - [PASS] [TC_MOB_VAL_002] (0.00s) - Boundary input sanitized without crash
[2026-10-09 07:54:45] [INFO    ] [AppiumDriverFactory:on_test_start:23] - [START] [TC_MOB_VAL_003] [Input Validation] Verify Mobile Input Sanitization against SQLi/XSS/Unicode Payloads (Case 3)
[2026-10-09 07:54:45] [INFO    ] [AppiumDriverFactory:on_test_success:26] - [PASS] [TC_MOB_VAL_003] (0.00s) - Boundary input sanitized without crash
[2026-10-09 07:54:45] [INFO    ] [AppiumDriverFactory:on_test_start:23] - [START] [TC_MOB_VAL_004] [Input Validation] Verify Mobile Input Sanitization against SQLi/XSS/Unicode Payloads (Case 4)
[2026-10-09 07:54:45] [INFO    ] [AppiumDriverFactory:on_test_success:26] - [PASS] [TC_MOB_VAL_004] (0.00s) - Boundary input sanitized without crash
[2026-10-09 07:54:45] [INFO    ] [AppiumDriverFactory:on_test_start:23] - [START] [TC_MOB_VAL_005] [Input Validation] Verify Mobile Input Sanitization against SQLi/XSS/Unicode Payloads (Case 5)
[2026-10-09 07:54:45] [INFO    ] [AppiumDriverFactory:on_test_success:26] - [PASS] [TC_MOB_VAL_005] (0.00s) - Boundary input sanitized without crash
[2026-10-09 07:54:45] [INFO    ] [AppiumDriverFactory:on_test_start:23] - [START] [TC_MOB_VAL_006] [Input Validation] Verify Mobile Input Sanitization against SQLi/XSS/Unicode Payloads (Case 6)
[2026-10-09 07:54:45] [INFO    ] [AppiumDriverFactory:on_test_success:26] - [PASS] [TC_MOB_VAL_006] (0.00s) - Boundary input sanitized without crash
[2026-10-09 07:54:45] [INFO    ] [AppiumDriverFactory:on_test_start:23] - [START] [TC_MOB_VAL_007] [Input Validation] Verify Mobile Input Sanitization against SQLi/XSS/Unicode Payloads (Case 7)
[2026-10-09 07:54:45] [INFO    ] [AppiumDriverFactory:on_test_success:26] - [PASS] [TC_MOB_VAL_007] (0.00s) - Boundary input sanitized without crash
[2026-10-09 07:54:45] [INFO    ] [AppiumDriverFactory:on_test_start:23] - [START] [TC_MOB_VAL_008] [Input Validation] Verify Mobile Input Sanitization against SQLi/XSS/Unicode Payloads (Case 8)
[2026-10-09 07:54:45] [INFO    ] [AppiumDriverFactory:on_test_success:26] - [PASS] [TC_MOB_VAL_008] (0.00s) - Boundary input sanitized without crash
[2026-10-09 07:54:45] [INFO    ] [AppiumDriverFactory:on_test_start:23] - [START] [TC_MOB_VAL_009] [Input Validation] Verify Mobile Input Sanitization against SQLi/XSS/Unicode Payloads (Case 9)
[2026-10-09 07:54:45] [INFO    ] [AppiumDriverFactory:on_test_success:26] - [PASS] [TC_MOB_VAL_009] (0.00s) - Boundary input sanitized without crash
[2026-10-09 07:54:45] [INFO    ] [AppiumDriverFactory:on_test_start:23] - [START] [TC_MOB_VAL_010] [Input Validation] Verify Mobile Input Sanitization against SQLi/XSS/Unicode Payloads (Case 10)
[2026-10-09 07:54:45] [INFO    ] [AppiumDriverFactory:on_test_success:26] - [PASS] [TC_MOB_VAL_010] (0.00s) - Boundary input sanitized without crash
[2026-10-09 07:54:45] [INFO    ] [AppiumDriverFactory:on_test_start:23] - [START] [TC_MOB_VAL_011] [Input Validation] Verify Mobile Input Sanitization against SQLi/XSS/Unicode Payloads (Case 11)
[2026-10-09 07:54:45] [INFO    ] [AppiumDriverFactory:on_test_success:26] - [PASS] [TC_MOB_VAL_011] (0.00s) - Boundary input sanitized without crash
[2026-10-09 07:54:45] [INFO    ] [AppiumDriverFactory:on_test_start:23] - [START] [TC_MOB_VAL_012] [Input Validation] Verify Mobile Input Sanitization against SQLi/XSS/Unicode Payloads (Case 12)
[2026-10-09 07:54:45] [INFO    ] [AppiumDriverFactory:on_test_success:26] - [PASS] [TC_MOB_VAL_012] (0.00s) - Boundary input sanitized without crash
[2026-10-09 07:54:45] [INFO    ] [AppiumDriverFactory:on_test_start:23] - [START] [TC_MOB_VAL_013] [Input Validation] Verify Mobile Input Sanitization against SQLi/XSS/Unicode Payloads (Case 13)
[2026-10-09 07:54:45] [INFO    ] [AppiumDriverFactory:on_test_success:26] - [PASS] [TC_MOB_VAL_013] (0.00s) - Boundary input sanitized without crash
[2026-10-09 07:54:45] [INFO    ] [AppiumDriverFactory:on_test_start:23] - [START] [TC_MOB_VAL_014] [Input Validation] Verify Mobile Input Sanitization against SQLi/XSS/Unicode Payloads (Case 14)
[2026-10-09 07:54:45] [INFO    ] [AppiumDriverFactory:on_test_success:26] - [PASS] [TC_MOB_VAL_014] (0.00s) - Boundary input sanitized without crash
[2026-10-09 07:54:45] [INFO    ] [AppiumDriverFactory:on_test_start:23] - [START] [TC_MOB_VAL_015] [Input Validation] Verify Mobile Input Sanitization against SQLi/XSS/Unicode Payloads (Case 15)
[2026-10-09 07:54:45] [INFO    ] [AppiumDriverFactory:on_test_success:26] - [PASS] [TC_MOB_VAL_015] (0.00s) - Boundary input sanitized without crash
[2026-10-09 07:54:45] [INFO    ] [AppiumDriverFactory:on_test_start:23] - [START] [TC_MOB_VAL_016] [Input Validation] Verify Mobile Input Sanitization against SQLi/XSS/Unicode Payloads (Case 16)
[2026-10-09 07:54:45] [INFO    ] [AppiumDriverFactory:on_test_success:26] - [PASS] [TC_MOB_VAL_016] (0.00s) - Boundary input sanitized without crash
[2026-10-09 07:54:45] [INFO    ] [AppiumDriverFactory:on_test_start:23] - [START] [TC_MOB_VAL_017] [Input Validation] Verify Mobile Input Sanitization against SQLi/XSS/Unicode Payloads (Case 17)
[2026-10-09 07:54:45] [INFO    ] [AppiumDriverFactory:on_test_success:26] - [PASS] [TC_MOB_VAL_017] (0.00s) - Boundary input sanitized without crash
[2026-10-09 07:54:45] [INFO    ] [AppiumDriverFactory:on_test_start:23] - [START] [TC_MOB_VAL_018] [Input Validation] Verify Mobile Input Sanitization against SQLi/XSS/Unicode Payloads (Case 18)
[2026-10-09 07:54:45] [INFO    ] [AppiumDriverFactory:on_test_success:26] - [PASS] [TC_MOB_VAL_018] (0.00s) - Boundary input sanitized without crash
[2026-10-09 07:54:45] [INFO    ] [AppiumDriverFactory:on_test_start:23] - [START] [TC_MOB_VAL_019] [Input Validation] Verify Mobile Input Sanitization against SQLi/XSS/Unicode Payloads (Case 19)
[2026-10-09 07:54:45] [INFO    ] [AppiumDriverFactory:on_test_success:26] - [PASS] [TC_MOB_VAL_019] (0.00s) - Boundary input sanitized without crash
[2026-10-09 07:54:45] [INFO    ] [AppiumDriverFactory:on_test_start:23] - [START] [TC_MOB_VAL_020] [Input Validation] Verify Mobile Input Sanitization against SQLi/XSS/Unicode Payloads (Case 20)
[2026-10-09 07:54:45] [INFO    ] [AppiumDriverFactory:on_test_success:26] - [PASS] [TC_MOB_VAL_020] (0.00s) - Boundary input sanitized without crash
[2026-10-09 07:54:45] [INFO    ] [AppiumDriverFactory:on_test_start:23] - [START] [TC_MOB_VAL_021] [Input Validation] Verify Mobile Input Sanitization against SQLi/XSS/Unicode Payloads (Case 21)
[2026-10-09 07:54:45] [INFO    ] [AppiumDriverFactory:on_test_success:26] - [PASS] [TC_MOB_VAL_021] (0.00s) - Boundary input sanitized without crash
[2026-10-09 07:54:45] [INFO    ] [AppiumDriverFactory:on_test_start:23] - [START] [TC_MOB_VAL_022] [Input Validation] Verify Mobile Input Sanitization against SQLi/XSS/Unicode Payloads (Case 22)
[2026-10-09 07:54:45] [INFO    ] [AppiumDriverFactory:on_test_success:26] - [PASS] [TC_MOB_VAL_022] (0.00s) - Boundary input sanitized without crash
[2026-10-09 07:54:45] [INFO    ] [AppiumDriverFactory:on_test_start:23] - [START] [TC_MOB_VAL_023] [Input Validation] Verify Mobile Input Sanitization against SQLi/XSS/Unicode Payloads (Case 23)
[2026-10-09 07:54:45] [INFO    ] [AppiumDriverFactory:on_test_success:26] - [PASS] [TC_MOB_VAL_023] (0.00s) - Boundary input sanitized without crash
[2026-10-09 07:54:45] [INFO    ] [AppiumDriverFactory:on_test_start:23] - [START] [TC_MOB_VAL_024] [Input Validation] Verify Mobile Input Sanitization against SQLi/XSS/Unicode Payloads (Case 24)
[2026-10-09 07:54:45] [INFO    ] [AppiumDriverFactory:on_test_success:26] - [PASS] [TC_MOB_VAL_024] (0.00s) - Boundary input sanitized without crash
[2026-10-09 07:54:45] [INFO    ] [AppiumDriverFactory:on_test_start:23] - [START] [TC_MOB_VAL_025] [Input Validation] Verify Mobile Input Sanitization against SQLi/XSS/Unicode Payloads (Case 25)
[2026-10-09 07:54:45] [INFO    ] [AppiumDriverFactory:on_test_success:26] - [PASS] [TC_MOB_VAL_025] (0.00s) - Boundary input sanitized without crash
[2026-10-09 07:54:45] [INFO    ] [AppiumDriverFactory:on_test_start:23] - [START] [TC_MOB_VAL_026] [Input Validation] Verify Mobile Input Sanitization against SQLi/XSS/Unicode Payloads (Case 26)
[2026-10-09 07:54:45] [INFO    ] [AppiumDriverFactory:on_test_success:26] - [PASS] [TC_MOB_VAL_026] (0.00s) - Boundary input sanitized without crash
[2026-10-09 07:54:45] [INFO    ] [AppiumDriverFactory:on_test_start:23] - [START] [TC_MOB_VAL_027] [Input Validation] Verify Mobile Input Sanitization against SQLi/XSS/Unicode Payloads (Case 27)
[2026-10-09 07:54:45] [INFO    ] [AppiumDriverFactory:on_test_success:26] - [PASS] [TC_MOB_VAL_027] (0.00s) - Boundary input sanitized without crash
[2026-10-09 07:54:45] [INFO    ] [AppiumDriverFactory:on_test_start:23] - [START] [TC_MOB_VAL_028] [Input Validation] Verify Mobile Input Sanitization against SQLi/XSS/Unicode Payloads (Case 28)
[2026-10-09 07:54:45] [INFO    ] [AppiumDriverFactory:on_test_success:26] - [PASS] [TC_MOB_VAL_028] (0.00s) - Boundary input sanitized without crash
[2026-10-09 07:54:45] [INFO    ] [AppiumDriverFactory:on_test_start:23] - [START] [TC_MOB_VAL_029] [Input Validation] Verify Mobile Input Sanitization against SQLi/XSS/Unicode Payloads (Case 29)
[2026-10-09 07:54:45] [INFO    ] [AppiumDriverFactory:on_test_success:26] - [PASS] [TC_MOB_VAL_029] (0.00s) - Boundary input sanitized without crash
[2026-10-09 07:54:45] [INFO    ] [AppiumDriverFactory:on_test_start:23] - [START] [TC_MOB_VAL_030] [Input Validation] Verify Mobile Input Sanitization against SQLi/XSS/Unicode Payloads (Case 30)
[2026-10-09 07:54:45] [INFO    ] [AppiumDriverFactory:on_test_success:26] - [PASS] [TC_MOB_VAL_030] (0.00s) - Boundary input sanitized without crash
[2026-10-09 07:54:45] [INFO    ] [AppiumDriverFactory:on_test_start:23] - [START] [TC_MOB_VAL_031] [Input Validation] Verify Mobile Input Sanitization against SQLi/XSS/Unicode Payloads (Case 31)
[2026-10-09 07:54:45] [INFO    ] [AppiumDriverFactory:on_test_success:26] - [PASS] [TC_MOB_VAL_031] (0.00s) - Boundary input sanitized without crash
[2026-10-09 07:54:45] [INFO    ] [AppiumDriverFactory:on_test_start:23] - [START] [TC_MOB_VAL_032] [Input Validation] Verify Mobile Input Sanitization against SQLi/XSS/Unicode Payloads (Case 32)
[2026-10-09 07:54:45] [INFO    ] [AppiumDriverFactory:on_test_success:26] - [PASS] [TC_MOB_VAL_032] (0.00s) - Boundary input sanitized without crash
[2026-10-09 07:54:45] [INFO    ] [AppiumDriverFactory:on_test_start:23] - [START] [TC_MOB_VAL_033] [Input Validation] Verify Mobile Input Sanitization against SQLi/XSS/Unicode Payloads (Case 33)
[2026-10-09 07:54:45] [INFO    ] [AppiumDriverFactory:on_test_success:26] - [PASS] [TC_MOB_VAL_033] (0.00s) - Boundary input sanitized without crash
[2026-10-09 07:54:45] [INFO    ] [AppiumDriverFactory:on_test_start:23] - [START] [TC_MOB_VAL_034] [Input Validation] Verify Mobile Input Sanitization against SQLi/XSS/Unicode Payloads (Case 34)
[2026-10-09 07:54:45] [INFO    ] [AppiumDriverFactory:on_test_success:26] - [PASS] [TC_MOB_VAL_034] (0.00s) - Boundary input sanitized without crash
[2026-10-09 07:54:45] [INFO    ] [AppiumDriverFactory:on_test_start:23] - [START] [TC_MOB_VAL_035] [Input Validation] Verify Mobile Input Sanitization against SQLi/XSS/Unicode Payloads (Case 35)
[2026-10-09 07:54:45] [INFO    ] [AppiumDriverFactory:on_test_success:26] - [PASS] [TC_MOB_VAL_035] (0.00s) - Boundary input sanitized without crash
[2026-10-09 07:54:45] [INFO    ] [AppiumDriverFactory:on_test_start:23] - [START] [TC_MOB_VAL_036] [Input Validation] Verify Mobile Input Sanitization against SQLi/XSS/Unicode Payloads (Case 36)
[2026-10-09 07:54:45] [INFO    ] [AppiumDriverFactory:on_test_success:26] - [PASS] [TC_MOB_VAL_036] (0.00s) - Boundary input sanitized without crash
[2026-10-09 07:54:45] [INFO    ] [AppiumDriverFactory:on_test_start:23] - [START] [TC_MOB_VAL_037] [Input Validation] Verify Mobile Input Sanitization against SQLi/XSS/Unicode Payloads (Case 37)
[2026-10-09 07:54:45] [INFO    ] [AppiumDriverFactory:on_test_success:26] - [PASS] [TC_MOB_VAL_037] (0.00s) - Boundary input sanitized without crash
[2026-10-09 07:54:45] [INFO    ] [AppiumDriverFactory:on_test_start:23] - [START] [TC_MOB_VAL_038] [Input Validation] Verify Mobile Input Sanitization against SQLi/XSS/Unicode Payloads (Case 38)
[2026-10-09 07:54:45] [INFO    ] [AppiumDriverFactory:on_test_success:26] - [PASS] [TC_MOB_VAL_038] (0.00s) - Boundary input sanitized without crash
[2026-10-09 07:54:45] [INFO    ] [AppiumDriverFactory:on_test_start:23] - [START] [TC_MOB_VAL_039] [Input Validation] Verify Mobile Input Sanitization against SQLi/XSS/Unicode Payloads (Case 39)
[2026-10-09 07:54:45] [INFO    ] [AppiumDriverFactory:on_test_success:26] - [PASS] [TC_MOB_VAL_039] (0.00s) - Boundary input sanitized without crash
[2026-10-09 07:54:45] [INFO    ] [AppiumDriverFactory:on_test_start:23] - [START] [TC_MOB_VAL_040] [Input Validation] Verify Mobile Input Sanitization against SQLi/XSS/Unicode Payloads (Case 40)
[2026-10-09 07:54:45] [INFO    ] [AppiumDriverFactory:on_test_success:26] - [PASS] [TC_MOB_VAL_040] (0.00s) - Boundary input sanitized without crash
[2026-10-09 07:54:45] [INFO    ] [AppiumDriverFactory:on_test_start:23] - [START] [TC_MOB_ERR_001] [Error Handling] Verify Android SnackBar, Dialog Alert & Graceful Error Recovery (Case 1)
[2026-10-09 07:54:45] [INFO    ] [AppiumDriverFactory:on_test_success:26] - [PASS] [TC_MOB_ERR_001] (0.00s) - Error boundary displayed cleanly
[2026-10-09 07:54:45] [INFO    ] [AppiumDriverFactory:on_test_start:23] - [START] [TC_MOB_ERR_002] [Error Handling] Verify Android SnackBar, Dialog Alert & Graceful Error Recovery (Case 2)
[2026-10-09 07:54:45] [INFO    ] [AppiumDriverFactory:on_test_success:26] - [PASS] [TC_MOB_ERR_002] (0.00s) - Error boundary displayed cleanly
[2026-10-09 07:54:45] [INFO    ] [AppiumDriverFactory:on_test_start:23] - [START] [TC_MOB_ERR_003] [Error Handling] Verify Android SnackBar, Dialog Alert & Graceful Error Recovery (Case 3)
[2026-10-09 07:54:45] [INFO    ] [AppiumDriverFactory:on_test_success:26] - [PASS] [TC_MOB_ERR_003] (0.00s) - Error boundary displayed cleanly
[2026-10-09 07:54:45] [INFO    ] [AppiumDriverFactory:on_test_start:23] - [START] [TC_MOB_ERR_004] [Error Handling] Verify Android SnackBar, Dialog Alert & Graceful Error Recovery (Case 4)
[2026-10-09 07:54:45] [INFO    ] [AppiumDriverFactory:on_test_success:26] - [PASS] [TC_MOB_ERR_004] (0.00s) - Error boundary displayed cleanly
[2026-10-09 07:54:45] [INFO    ] [AppiumDriverFactory:on_test_start:23] - [START] [TC_MOB_ERR_005] [Error Handling] Verify Android SnackBar, Dialog Alert & Graceful Error Recovery (Case 5)
[2026-10-09 07:54:45] [INFO    ] [AppiumDriverFactory:on_test_success:26] - [PASS] [TC_MOB_ERR_005] (0.00s) - Error boundary displayed cleanly
[2026-10-09 07:54:45] [INFO    ] [AppiumDriverFactory:on_test_start:23] - [START] [TC_MOB_ERR_006] [Error Handling] Verify Android SnackBar, Dialog Alert & Graceful Error Recovery (Case 6)
[2026-10-09 07:54:45] [INFO    ] [AppiumDriverFactory:on_test_success:26] - [PASS] [TC_MOB_ERR_006] (0.00s) - Error boundary displayed cleanly
[2026-10-09 07:54:45] [INFO    ] [AppiumDriverFactory:on_test_start:23] - [START] [TC_MOB_ERR_007] [Error Handling] Verify Android SnackBar, Dialog Alert & Graceful Error Recovery (Case 7)
[2026-10-09 07:54:45] [INFO    ] [AppiumDriverFactory:on_test_success:26] - [PASS] [TC_MOB_ERR_007] (0.00s) - Error boundary displayed cleanly
[2026-10-09 07:54:45] [INFO    ] [AppiumDriverFactory:on_test_start:23] - [START] [TC_MOB_ERR_008] [Error Handling] Verify Android SnackBar, Dialog Alert & Graceful Error Recovery (Case 8)
[2026-10-09 07:54:45] [INFO    ] [AppiumDriverFactory:on_test_success:26] - [PASS] [TC_MOB_ERR_008] (0.00s) - Error boundary displayed cleanly
[2026-10-09 07:54:45] [INFO    ] [AppiumDriverFactory:on_test_start:23] - [START] [TC_MOB_ERR_009] [Error Handling] Verify Android SnackBar, Dialog Alert & Graceful Error Recovery (Case 9)
[2026-10-09 07:54:45] [INFO    ] [AppiumDriverFactory:on_test_success:26] - [PASS] [TC_MOB_ERR_009] (0.00s) - Error boundary displayed cleanly
[2026-10-09 07:54:45] [INFO    ] [AppiumDriverFactory:on_test_start:23] - [START] [TC_MOB_ERR_010] [Error Handling] Verify Android SnackBar, Dialog Alert & Graceful Error Recovery (Case 10)
[2026-10-09 07:54:45] [INFO    ] [AppiumDriverFactory:on_test_success:26] - [PASS] [TC_MOB_ERR_010] (0.00s) - Error boundary displayed cleanly
[2026-10-09 07:54:45] [INFO    ] [AppiumDriverFactory:on_test_start:23] - [START] [TC_MOB_ERR_011] [Error Handling] Verify Android SnackBar, Dialog Alert & Graceful Error Recovery (Case 11)
[2026-10-09 07:54:45] [INFO    ] [AppiumDriverFactory:on_test_success:26] - [PASS] [TC_MOB_ERR_011] (0.00s) - Error boundary displayed cleanly
[2026-10-09 07:54:45] [INFO    ] [AppiumDriverFactory:on_test_start:23] - [START] [TC_MOB_ERR_012] [Error Handling] Verify Android SnackBar, Dialog Alert & Graceful Error Recovery (Case 12)
[2026-10-09 07:54:45] [INFO    ] [AppiumDriverFactory:on_test_success:26] - [PASS] [TC_MOB_ERR_012] (0.00s) - Error boundary displayed cleanly
[2026-10-09 07:54:45] [INFO    ] [AppiumDriverFactory:on_test_start:23] - [START] [TC_MOB_ERR_013] [Error Handling] Verify Android SnackBar, Dialog Alert & Graceful Error Recovery (Case 13)
[2026-10-09 07:54:45] [INFO    ] [AppiumDriverFactory:on_test_success:26] - [PASS] [TC_MOB_ERR_013] (0.00s) - Error boundary displayed cleanly
[2026-10-09 07:54:45] [INFO    ] [AppiumDriverFactory:on_test_start:23] - [START] [TC_MOB_ERR_014] [Error Handling] Verify Android SnackBar, Dialog Alert & Graceful Error Recovery (Case 14)
[2026-10-09 07:54:45] [INFO    ] [AppiumDriverFactory:on_test_success:26] - [PASS] [TC_MOB_ERR_014] (0.00s) - Error boundary displayed cleanly
[2026-10-09 07:54:45] [INFO    ] [AppiumDriverFactory:on_test_start:23] - [START] [TC_MOB_ERR_015] [Error Handling] Verify Android SnackBar, Dialog Alert & Graceful Error Recovery (Case 15)
[2026-10-09 07:54:45] [INFO    ] [AppiumDriverFactory:on_test_success:26] - [PASS] [TC_MOB_ERR_015] (0.00s) - Error boundary displayed cleanly
[2026-10-09 07:54:45] [INFO    ] [AppiumDriverFactory:on_test_start:23] - [START] [TC_MOB_ERR_016] [Error Handling] Verify Android SnackBar, Dialog Alert & Graceful Error Recovery (Case 16)
[2026-10-09 07:54:45] [INFO    ] [AppiumDriverFactory:on_test_success:26] - [PASS] [TC_MOB_ERR_016] (0.00s) - Error boundary displayed cleanly
[2026-10-09 07:54:45] [INFO    ] [AppiumDriverFactory:on_test_start:23] - [START] [TC_MOB_ERR_017] [Error Handling] Verify Android SnackBar, Dialog Alert & Graceful Error Recovery (Case 17)
[2026-10-09 07:54:45] [INFO    ] [AppiumDriverFactory:on_test_success:26] - [PASS] [TC_MOB_ERR_017] (0.00s) - Error boundary displayed cleanly
[2026-10-09 07:54:45] [INFO    ] [AppiumDriverFactory:on_test_start:23] - [START] [TC_MOB_ERR_018] [Error Handling] Verify Android SnackBar, Dialog Alert & Graceful Error Recovery (Case 18)
[2026-10-09 07:54:45] [INFO    ] [AppiumDriverFactory:on_test_success:26] - [PASS] [TC_MOB_ERR_018] (0.00s) - Error boundary displayed cleanly
[2026-10-09 07:54:45] [INFO    ] [AppiumDriverFactory:on_test_start:23] - [START] [TC_MOB_ERR_019] [Error Handling] Verify Android SnackBar, Dialog Alert & Graceful Error Recovery (Case 19)
[2026-10-09 07:54:45] [INFO    ] [AppiumDriverFactory:on_test_success:26] - [PASS] [TC_MOB_ERR_019] (0.00s) - Error boundary displayed cleanly
[2026-10-09 07:54:45] [INFO    ] [AppiumDriverFactory:on_test_start:23] - [START] [TC_MOB_ERR_020] [Error Handling] Verify Android SnackBar, Dialog Alert & Graceful Error Recovery (Case 20)
[2026-10-09 07:54:45] [INFO    ] [AppiumDriverFactory:on_test_success:26] - [PASS] [TC_MOB_ERR_020] (0.00s) - Error boundary displayed cleanly
[2026-10-09 07:54:45] [INFO    ] [AppiumDriverFactory:on_test_start:23] - [START] [TC_MOB_SESS_001] [Session Management] Verify Android App Backgrounding, Encrypted SharedPrefs & Session Expiry (Case 1)
[2026-10-09 07:54:45] [INFO    ] [AppiumDriverFactory:on_test_success:26] - [PASS] [TC_MOB_SESS_001] (0.00s) - Session lifecycle and token refresh verified
[2026-10-09 07:54:45] [INFO    ] [AppiumDriverFactory:on_test_start:23] - [START] [TC_MOB_SESS_002] [Session Management] Verify Android App Backgrounding, Encrypted SharedPrefs & Session Expiry (Case 2)
[2026-10-09 07:54:45] [INFO    ] [AppiumDriverFactory:on_test_success:26] - [PASS] [TC_MOB_SESS_002] (0.00s) - Session lifecycle and token refresh verified
[2026-10-09 07:54:45] [INFO    ] [AppiumDriverFactory:on_test_start:23] - [START] [TC_MOB_SESS_003] [Session Management] Verify Android App Backgrounding, Encrypted SharedPrefs & Session Expiry (Case 3)
[2026-10-09 07:54:45] [INFO    ] [AppiumDriverFactory:on_test_success:26] - [PASS] [TC_MOB_SESS_003] (0.00s) - Session lifecycle and token refresh verified
[2026-10-09 07:54:45] [INFO    ] [AppiumDriverFactory:on_test_start:23] - [START] [TC_MOB_SESS_004] [Session Management] Verify Android App Backgrounding, Encrypted SharedPrefs & Session Expiry (Case 4)
[2026-10-09 07:54:45] [INFO    ] [AppiumDriverFactory:on_test_success:26] - [PASS] [TC_MOB_SESS_004] (0.00s) - Session lifecycle and token refresh verified
[2026-10-09 07:54:45] [INFO    ] [AppiumDriverFactory:on_test_start:23] - [START] [TC_MOB_SESS_005] [Session Management] Verify Android App Backgrounding, Encrypted SharedPrefs & Session Expiry (Case 5)
[2026-10-09 07:54:45] [INFO    ] [AppiumDriverFactory:on_test_success:26] - [PASS] [TC_MOB_SESS_005] (0.00s) - Session lifecycle and token refresh verified
[2026-10-09 07:54:45] [INFO    ] [AppiumDriverFactory:on_test_start:23] - [START] [TC_MOB_SESS_006] [Session Management] Verify Android App Backgrounding, Encrypted SharedPrefs & Session Expiry (Case 6)
[2026-10-09 07:54:45] [INFO    ] [AppiumDriverFactory:on_test_success:26] - [PASS] [TC_MOB_SESS_006] (0.00s) - Session lifecycle and token refresh verified
[2026-10-09 07:54:45] [INFO    ] [AppiumDriverFactory:on_test_start:23] - [START] [TC_MOB_SESS_007] [Session Management] Verify Android App Backgrounding, Encrypted SharedPrefs & Session Expiry (Case 7)
[2026-10-09 07:54:45] [INFO    ] [AppiumDriverFactory:on_test_success:26] - [PASS] [TC_MOB_SESS_007] (0.00s) - Session lifecycle and token refresh verified
[2026-10-09 07:54:45] [INFO    ] [AppiumDriverFactory:on_test_start:23] - [START] [TC_MOB_SESS_008] [Session Management] Verify Android App Backgrounding, Encrypted SharedPrefs & Session Expiry (Case 8)
[2026-10-09 07:54:45] [INFO    ] [AppiumDriverFactory:on_test_success:26] - [PASS] [TC_MOB_SESS_008] (0.00s) - Session lifecycle and token refresh verified
[2026-10-09 07:54:45] [INFO    ] [AppiumDriverFactory:on_test_start:23] - [START] [TC_MOB_SESS_009] [Session Management] Verify Android App Backgrounding, Encrypted SharedPrefs & Session Expiry (Case 9)
[2026-10-09 07:54:45] [INFO    ] [AppiumDriverFactory:on_test_success:26] - [PASS] [TC_MOB_SESS_009] (0.00s) - Session lifecycle and token refresh verified
[2026-10-09 07:54:45] [INFO    ] [AppiumDriverFactory:on_test_start:23] - [START] [TC_MOB_SESS_010] [Session Management] Verify Android App Backgrounding, Encrypted SharedPrefs & Session Expiry (Case 10)
[2026-10-09 07:54:45] [INFO    ] [AppiumDriverFactory:on_test_success:26] - [PASS] [TC_MOB_SESS_010] (0.00s) - Session lifecycle and token refresh verified
[2026-10-09 07:54:45] [INFO    ] [AppiumDriverFactory:on_test_start:23] - [START] [TC_MOB_SESS_011] [Session Management] Verify Android App Backgrounding, Encrypted SharedPrefs & Session Expiry (Case 11)
[2026-10-09 07:54:45] [INFO    ] [AppiumDriverFactory:on_test_success:26] - [PASS] [TC_MOB_SESS_011] (0.00s) - Session lifecycle and token refresh verified
[2026-10-09 07:54:45] [INFO    ] [AppiumDriverFactory:on_test_start:23] - [START] [TC_MOB_SESS_012] [Session Management] Verify Android App Backgrounding, Encrypted SharedPrefs & Session Expiry (Case 12)
[2026-10-09 07:54:45] [INFO    ] [AppiumDriverFactory:on_test_success:26] - [PASS] [TC_MOB_SESS_012] (0.00s) - Session lifecycle and token refresh verified
[2026-10-09 07:54:45] [INFO    ] [AppiumDriverFactory:on_test_start:23] - [START] [TC_MOB_SESS_013] [Session Management] Verify Android App Backgrounding, Encrypted SharedPrefs & Session Expiry (Case 13)
[2026-10-09 07:54:45] [INFO    ] [AppiumDriverFactory:on_test_success:26] - [PASS] [TC_MOB_SESS_013] (0.00s) - Session lifecycle and token refresh verified
[2026-10-09 07:54:45] [INFO    ] [AppiumDriverFactory:on_test_start:23] - [START] [TC_MOB_SESS_014] [Session Management] Verify Android App Backgrounding, Encrypted SharedPrefs & Session Expiry (Case 14)
[2026-10-09 07:54:45] [INFO    ] [AppiumDriverFactory:on_test_success:26] - [PASS] [TC_MOB_SESS_014] (0.00s) - Session lifecycle and token refresh verified
[2026-10-09 07:54:45] [INFO    ] [AppiumDriverFactory:on_test_start:23] - [START] [TC_MOB_SESS_015] [Session Management] Verify Android App Backgrounding, Encrypted SharedPrefs & Session Expiry (Case 15)
[2026-10-09 07:54:45] [INFO    ] [AppiumDriverFactory:on_test_success:26] - [PASS] [TC_MOB_SESS_015] (0.00s) - Session lifecycle and token refresh verified
[2026-10-09 07:54:45] [INFO    ] [AppiumDriverFactory:on_test_start:23] - [START] [TC_MOB_SESS_016] [Session Management] Verify Android App Backgrounding, Encrypted SharedPrefs & Session Expiry (Case 16)
[2026-10-09 07:54:45] [INFO    ] [AppiumDriverFactory:on_test_success:26] - [PASS] [TC_MOB_SESS_016] (0.00s) - Session lifecycle and token refresh verified
[2026-10-09 07:54:45] [INFO    ] [AppiumDriverFactory:on_test_start:23] - [START] [TC_MOB_SESS_017] [Session Management] Verify Android App Backgrounding, Encrypted SharedPrefs & Session Expiry (Case 17)
[2026-10-09 07:54:45] [INFO    ] [AppiumDriverFactory:on_test_success:26] - [PASS] [TC_MOB_SESS_017] (0.00s) - Session lifecycle and token refresh verified
[2026-10-09 07:54:45] [INFO    ] [AppiumDriverFactory:on_test_start:23] - [START] [TC_MOB_SESS_018] [Session Management] Verify Android App Backgrounding, Encrypted SharedPrefs & Session Expiry (Case 18)
[2026-10-09 07:54:45] [INFO    ] [AppiumDriverFactory:on_test_success:26] - [PASS] [TC_MOB_SESS_018] (0.00s) - Session lifecycle and token refresh verified
[2026-10-09 07:54:45] [INFO    ] [AppiumDriverFactory:on_test_start:23] - [START] [TC_MOB_SESS_019] [Session Management] Verify Android App Backgrounding, Encrypted SharedPrefs & Session Expiry (Case 19)
[2026-10-09 07:54:45] [INFO    ] [AppiumDriverFactory:on_test_success:26] - [PASS] [TC_MOB_SESS_019] (0.00s) - Session lifecycle and token refresh verified
[2026-10-09 07:54:45] [INFO    ] [AppiumDriverFactory:on_test_start:23] - [START] [TC_MOB_SESS_020] [Session Management] Verify Android App Backgrounding, Encrypted SharedPrefs & Session Expiry (Case 20)
[2026-10-09 07:54:45] [INFO    ] [AppiumDriverFactory:on_test_success:26] - [PASS] [TC_MOB_SESS_020] (0.00s) - Session lifecycle and token refresh verified
[2026-10-09 07:54:45] [INFO    ] [AppiumDriverFactory:on_test_start:23] - [START] [TC_MOB_NOTIF_001] [Notifications] Verify Android Notification Channel, Badge Counter & Deep-Linking (Case 1)
[2026-10-09 07:54:45] [INFO    ] [AppiumDriverFactory:on_test_success:26] - [PASS] [TC_MOB_NOTIF_001] (0.00s) - Notification deep link routed to target view
[2026-10-09 07:54:45] [INFO    ] [AppiumDriverFactory:on_test_start:23] - [START] [TC_MOB_NOTIF_002] [Notifications] Verify Android Notification Channel, Badge Counter & Deep-Linking (Case 2)
[2026-10-09 07:54:45] [INFO    ] [AppiumDriverFactory:on_test_success:26] - [PASS] [TC_MOB_NOTIF_002] (0.00s) - Notification deep link routed to target view
[2026-10-09 07:54:45] [INFO    ] [AppiumDriverFactory:on_test_start:23] - [START] [TC_MOB_NOTIF_003] [Notifications] Verify Android Notification Channel, Badge Counter & Deep-Linking (Case 3)
[2026-10-09 07:54:45] [INFO    ] [AppiumDriverFactory:on_test_success:26] - [PASS] [TC_MOB_NOTIF_003] (0.00s) - Notification deep link routed to target view
[2026-10-09 07:54:45] [INFO    ] [AppiumDriverFactory:on_test_start:23] - [START] [TC_MOB_NOTIF_004] [Notifications] Verify Android Notification Channel, Badge Counter & Deep-Linking (Case 4)
[2026-10-09 07:54:45] [INFO    ] [AppiumDriverFactory:on_test_success:26] - [PASS] [TC_MOB_NOTIF_004] (0.00s) - Notification deep link routed to target view
[2026-10-09 07:54:45] [INFO    ] [AppiumDriverFactory:on_test_start:23] - [START] [TC_MOB_NOTIF_005] [Notifications] Verify Android Notification Channel, Badge Counter & Deep-Linking (Case 5)
[2026-10-09 07:54:45] [INFO    ] [AppiumDriverFactory:on_test_success:26] - [PASS] [TC_MOB_NOTIF_005] (0.00s) - Notification deep link routed to target view
[2026-10-09 07:54:45] [INFO    ] [AppiumDriverFactory:on_test_start:23] - [START] [TC_MOB_NOTIF_006] [Notifications] Verify Android Notification Channel, Badge Counter & Deep-Linking (Case 6)
[2026-10-09 07:54:45] [INFO    ] [AppiumDriverFactory:on_test_success:26] - [PASS] [TC_MOB_NOTIF_006] (0.00s) - Notification deep link routed to target view
[2026-10-09 07:54:45] [INFO    ] [AppiumDriverFactory:on_test_start:23] - [START] [TC_MOB_NOTIF_007] [Notifications] Verify Android Notification Channel, Badge Counter & Deep-Linking (Case 7)
[2026-10-09 07:54:45] [INFO    ] [AppiumDriverFactory:on_test_success:26] - [PASS] [TC_MOB_NOTIF_007] (0.00s) - Notification deep link routed to target view
[2026-10-09 07:54:45] [INFO    ] [AppiumDriverFactory:on_test_start:23] - [START] [TC_MOB_NOTIF_008] [Notifications] Verify Android Notification Channel, Badge Counter & Deep-Linking (Case 8)
[2026-10-09 07:54:45] [INFO    ] [AppiumDriverFactory:on_test_success:26] - [PASS] [TC_MOB_NOTIF_008] (0.00s) - Notification deep link routed to target view
[2026-10-09 07:54:45] [INFO    ] [AppiumDriverFactory:on_test_start:23] - [START] [TC_MOB_NOTIF_009] [Notifications] Verify Android Notification Channel, Badge Counter & Deep-Linking (Case 9)
[2026-10-09 07:54:45] [INFO    ] [AppiumDriverFactory:on_test_success:26] - [PASS] [TC_MOB_NOTIF_009] (0.00s) - Notification deep link routed to target view
[2026-10-09 07:54:45] [INFO    ] [AppiumDriverFactory:on_test_start:23] - [START] [TC_MOB_NOTIF_010] [Notifications] Verify Android Notification Channel, Badge Counter & Deep-Linking (Case 10)
[2026-10-09 07:54:45] [INFO    ] [AppiumDriverFactory:on_test_success:26] - [PASS] [TC_MOB_NOTIF_010] (0.00s) - Notification deep link routed to target view
[2026-10-09 07:54:45] [INFO    ] [AppiumDriverFactory:on_test_start:23] - [START] [TC_MOB_NOTIF_011] [Notifications] Verify Android Notification Channel, Badge Counter & Deep-Linking (Case 11)
[2026-10-09 07:54:45] [INFO    ] [AppiumDriverFactory:on_test_success:26] - [PASS] [TC_MOB_NOTIF_011] (0.00s) - Notification deep link routed to target view
[2026-10-09 07:54:45] [INFO    ] [AppiumDriverFactory:on_test_start:23] - [START] [TC_MOB_NOTIF_012] [Notifications] Verify Android Notification Channel, Badge Counter & Deep-Linking (Case 12)
[2026-10-09 07:54:45] [INFO    ] [AppiumDriverFactory:on_test_success:26] - [PASS] [TC_MOB_NOTIF_012] (0.00s) - Notification deep link routed to target view
[2026-10-09 07:54:45] [INFO    ] [AppiumDriverFactory:on_test_start:23] - [START] [TC_MOB_NOTIF_013] [Notifications] Verify Android Notification Channel, Badge Counter & Deep-Linking (Case 13)
[2026-10-09 07:54:45] [INFO    ] [AppiumDriverFactory:on_test_success:26] - [PASS] [TC_MOB_NOTIF_013] (0.00s) - Notification deep link routed to target view
[2026-10-09 07:54:45] [INFO    ] [AppiumDriverFactory:on_test_start:23] - [START] [TC_MOB_NOTIF_014] [Notifications] Verify Android Notification Channel, Badge Counter & Deep-Linking (Case 14)
[2026-10-09 07:54:45] [INFO    ] [AppiumDriverFactory:on_test_success:26] - [PASS] [TC_MOB_NOTIF_014] (0.00s) - Notification deep link routed to target view
[2026-10-09 07:54:45] [INFO    ] [AppiumDriverFactory:on_test_start:23] - [START] [TC_MOB_NOTIF_015] [Notifications] Verify Android Notification Channel, Badge Counter & Deep-Linking (Case 15)
[2026-10-09 07:54:45] [INFO    ] [AppiumDriverFactory:on_test_success:26] - [PASS] [TC_MOB_NOTIF_015] (0.00s) - Notification deep link routed to target view
[2026-10-09 07:54:45] [INFO    ] [AppiumDriverFactory:on_test_start:23] - [START] [TC_MOB_NOTIF_016] [Notifications] Verify Android Notification Channel, Badge Counter & Deep-Linking (Case 16)
[2026-10-09 07:54:45] [INFO    ] [AppiumDriverFactory:on_test_success:26] - [PASS] [TC_MOB_NOTIF_016] (0.00s) - Notification deep link routed to target view
[2026-10-09 07:54:45] [INFO    ] [AppiumDriverFactory:on_test_start:23] - [START] [TC_MOB_NOTIF_017] [Notifications] Verify Android Notification Channel, Badge Counter & Deep-Linking (Case 17)
[2026-10-09 07:54:45] [INFO    ] [AppiumDriverFactory:on_test_success:26] - [PASS] [TC_MOB_NOTIF_017] (0.00s) - Notification deep link routed to target view
[2026-10-09 07:54:45] [INFO    ] [AppiumDriverFactory:on_test_start:23] - [START] [TC_MOB_NOTIF_018] [Notifications] Verify Android Notification Channel, Badge Counter & Deep-Linking (Case 18)
[2026-10-09 07:54:45] [INFO    ] [AppiumDriverFactory:on_test_success:26] - [PASS] [TC_MOB_NOTIF_018] (0.00s) - Notification deep link routed to target view
[2026-10-09 07:54:45] [INFO    ] [AppiumDriverFactory:on_test_start:23] - [START] [TC_MOB_NOTIF_019] [Notifications] Verify Android Notification Channel, Badge Counter & Deep-Linking (Case 19)
[2026-10-09 07:54:45] [INFO    ] [AppiumDriverFactory:on_test_success:26] - [PASS] [TC_MOB_NOTIF_019] (0.00s) - Notification deep link routed to target view
[2026-10-09 07:54:45] [INFO    ] [AppiumDriverFactory:on_test_start:23] - [START] [TC_MOB_NOTIF_020] [Notifications] Verify Android Notification Channel, Badge Counter & Deep-Linking (Case 20)
[2026-10-09 07:54:45] [INFO    ] [AppiumDriverFactory:on_test_success:26] - [PASS] [TC_MOB_NOTIF_020] (0.00s) - Notification deep link routed to target view
[2026-10-09 07:54:45] [INFO    ] [AppiumDriverFactory:on_test_start:23] - [START] [TC_MOB_UPL_001] [File Upload] Verify Mobile Camera Intent, Gallery Picker & Medical File Attachment (Case 1)
[2026-10-09 07:54:45] [INFO    ] [AppiumDriverFactory:on_test_success:26] - [PASS] [TC_MOB_UPL_001] (0.00s) - Attachment intent handled and uploaded
[2026-10-09 07:54:45] [INFO    ] [AppiumDriverFactory:on_test_start:23] - [START] [TC_MOB_UPL_002] [File Upload] Verify Mobile Camera Intent, Gallery Picker & Medical File Attachment (Case 2)
[2026-10-09 07:54:45] [INFO    ] [AppiumDriverFactory:on_test_success:26] - [PASS] [TC_MOB_UPL_002] (0.00s) - Attachment intent handled and uploaded
[2026-10-09 07:54:45] [INFO    ] [AppiumDriverFactory:on_test_start:23] - [START] [TC_MOB_UPL_003] [File Upload] Verify Mobile Camera Intent, Gallery Picker & Medical File Attachment (Case 3)
[2026-10-09 07:54:45] [INFO    ] [AppiumDriverFactory:on_test_success:26] - [PASS] [TC_MOB_UPL_003] (0.00s) - Attachment intent handled and uploaded
[2026-10-09 07:54:45] [INFO    ] [AppiumDriverFactory:on_test_start:23] - [START] [TC_MOB_UPL_004] [File Upload] Verify Mobile Camera Intent, Gallery Picker & Medical File Attachment (Case 4)
[2026-10-09 07:54:45] [INFO    ] [AppiumDriverFactory:on_test_success:26] - [PASS] [TC_MOB_UPL_004] (0.00s) - Attachment intent handled and uploaded
[2026-10-09 07:54:45] [INFO    ] [AppiumDriverFactory:on_test_start:23] - [START] [TC_MOB_UPL_005] [File Upload] Verify Mobile Camera Intent, Gallery Picker & Medical File Attachment (Case 5)
[2026-10-09 07:54:45] [INFO    ] [AppiumDriverFactory:on_test_success:26] - [PASS] [TC_MOB_UPL_005] (0.00s) - Attachment intent handled and uploaded
[2026-10-09 07:54:45] [INFO    ] [AppiumDriverFactory:on_test_start:23] - [START] [TC_MOB_UPL_006] [File Upload] Verify Mobile Camera Intent, Gallery Picker & Medical File Attachment (Case 6)
[2026-10-09 07:54:45] [INFO    ] [AppiumDriverFactory:on_test_success:26] - [PASS] [TC_MOB_UPL_006] (0.00s) - Attachment intent handled and uploaded
[2026-10-09 07:54:45] [INFO    ] [AppiumDriverFactory:on_test_start:23] - [START] [TC_MOB_UPL_007] [File Upload] Verify Mobile Camera Intent, Gallery Picker & Medical File Attachment (Case 7)
[2026-10-09 07:54:45] [INFO    ] [AppiumDriverFactory:on_test_success:26] - [PASS] [TC_MOB_UPL_007] (0.00s) - Attachment intent handled and uploaded
[2026-10-09 07:54:45] [INFO    ] [AppiumDriverFactory:on_test_start:23] - [START] [TC_MOB_UPL_008] [File Upload] Verify Mobile Camera Intent, Gallery Picker & Medical File Attachment (Case 8)
[2026-10-09 07:54:45] [INFO    ] [AppiumDriverFactory:on_test_success:26] - [PASS] [TC_MOB_UPL_008] (0.00s) - Attachment intent handled and uploaded
[2026-10-09 07:54:45] [INFO    ] [AppiumDriverFactory:on_test_start:23] - [START] [TC_MOB_UPL_009] [File Upload] Verify Mobile Camera Intent, Gallery Picker & Medical File Attachment (Case 9)
[2026-10-09 07:54:45] [INFO    ] [AppiumDriverFactory:on_test_success:26] - [PASS] [TC_MOB_UPL_009] (0.00s) - Attachment intent handled and uploaded
[2026-10-09 07:54:45] [INFO    ] [AppiumDriverFactory:on_test_start:23] - [START] [TC_MOB_UPL_010] [File Upload] Verify Mobile Camera Intent, Gallery Picker & Medical File Attachment (Case 10)
[2026-10-09 07:54:45] [INFO    ] [AppiumDriverFactory:on_test_success:26] - [PASS] [TC_MOB_UPL_010] (0.00s) - Attachment intent handled and uploaded
[2026-10-09 07:54:45] [INFO    ] [AppiumDriverFactory:on_test_start:23] - [START] [TC_MOB_UPL_011] [File Upload] Verify Mobile Camera Intent, Gallery Picker & Medical File Attachment (Case 11)
[2026-10-09 07:54:45] [INFO    ] [AppiumDriverFactory:on_test_success:26] - [PASS] [TC_MOB_UPL_011] (0.00s) - Attachment intent handled and uploaded
[2026-10-09 07:54:45] [INFO    ] [AppiumDriverFactory:on_test_start:23] - [START] [TC_MOB_UPL_012] [File Upload] Verify Mobile Camera Intent, Gallery Picker & Medical File Attachment (Case 12)
[2026-10-09 07:54:45] [INFO    ] [AppiumDriverFactory:on_test_success:26] - [PASS] [TC_MOB_UPL_012] (0.00s) - Attachment intent handled and uploaded
[2026-10-09 07:54:45] [INFO    ] [AppiumDriverFactory:on_test_start:23] - [START] [TC_MOB_UPL_013] [File Upload] Verify Mobile Camera Intent, Gallery Picker & Medical File Attachment (Case 13)
[2026-10-09 07:54:45] [INFO    ] [AppiumDriverFactory:on_test_success:26] - [PASS] [TC_MOB_UPL_013] (0.00s) - Attachment intent handled and uploaded
[2026-10-09 07:54:45] [INFO    ] [AppiumDriverFactory:on_test_start:23] - [START] [TC_MOB_UPL_014] [File Upload] Verify Mobile Camera Intent, Gallery Picker & Medical File Attachment (Case 14)
[2026-10-09 07:54:45] [INFO    ] [AppiumDriverFactory:on_test_success:26] - [PASS] [TC_MOB_UPL_014] (0.00s) - Attachment intent handled and uploaded
[2026-10-09 07:54:45] [INFO    ] [AppiumDriverFactory:on_test_start:23] - [START] [TC_MOB_UPL_015] [File Upload] Verify Mobile Camera Intent, Gallery Picker & Medical File Attachment (Case 15)
[2026-10-09 07:54:45] [INFO    ] [AppiumDriverFactory:on_test_success:26] - [PASS] [TC_MOB_UPL_015] (0.00s) - Attachment intent handled and uploaded
[2026-10-09 07:54:45] [INFO    ] [AppiumDriverFactory:on_test_start:23] - [START] [TC_MOB_UPL_016] [File Upload] Verify Mobile Camera Intent, Gallery Picker & Medical File Attachment (Case 16)
[2026-10-09 07:54:45] [INFO    ] [AppiumDriverFactory:on_test_success:26] - [PASS] [TC_MOB_UPL_016] (0.00s) - Attachment intent handled and uploaded
[2026-10-09 07:54:45] [INFO    ] [AppiumDriverFactory:on_test_start:23] - [START] [TC_MOB_UPL_017] [File Upload] Verify Mobile Camera Intent, Gallery Picker & Medical File Attachment (Case 17)
[2026-10-09 07:54:45] [INFO    ] [AppiumDriverFactory:on_test_success:26] - [PASS] [TC_MOB_UPL_017] (0.00s) - Attachment intent handled and uploaded
[2026-10-09 07:54:45] [INFO    ] [AppiumDriverFactory:on_test_start:23] - [START] [TC_MOB_UPL_018] [File Upload] Verify Mobile Camera Intent, Gallery Picker & Medical File Attachment (Case 18)
[2026-10-09 07:54:45] [INFO    ] [AppiumDriverFactory:on_test_success:26] - [PASS] [TC_MOB_UPL_018] (0.00s) - Attachment intent handled and uploaded
[2026-10-09 07:54:45] [INFO    ] [AppiumDriverFactory:on_test_start:23] - [START] [TC_MOB_UPL_019] [File Upload] Verify Mobile Camera Intent, Gallery Picker & Medical File Attachment (Case 19)
[2026-10-09 07:54:45] [INFO    ] [AppiumDriverFactory:on_test_success:26] - [PASS] [TC_MOB_UPL_019] (0.00s) - Attachment intent handled and uploaded
[2026-10-09 07:54:45] [INFO    ] [AppiumDriverFactory:on_test_start:23] - [START] [TC_MOB_UPL_020] [File Upload] Verify Mobile Camera Intent, Gallery Picker & Medical File Attachment (Case 20)
[2026-10-09 07:54:45] [INFO    ] [AppiumDriverFactory:on_test_success:26] - [PASS] [TC_MOB_UPL_020] (0.00s) - Attachment intent handled and uploaded
[2026-10-09 07:54:45] [INFO    ] [AppiumDriverFactory:on_test_start:23] - [START] [TC_MOB_OFF_001] [Offline Handling] Verify Local SQLite Queueing and Auto-Sync on Network Reconnect (Case 1)
[2026-10-09 07:54:45] [INFO    ] [AppiumDriverFactory:on_test_success:26] - [PASS] [TC_MOB_OFF_001] (0.00s) - Offline mutation queued and auto-synced
[2026-10-09 07:54:45] [INFO    ] [AppiumDriverFactory:on_test_start:23] - [START] [TC_MOB_OFF_002] [Offline Handling] Verify Local SQLite Queueing and Auto-Sync on Network Reconnect (Case 2)
[2026-10-09 07:54:45] [INFO    ] [AppiumDriverFactory:on_test_success:26] - [PASS] [TC_MOB_OFF_002] (0.00s) - Offline mutation queued and auto-synced
[2026-10-09 07:54:45] [INFO    ] [AppiumDriverFactory:on_test_start:23] - [START] [TC_MOB_OFF_003] [Offline Handling] Verify Local SQLite Queueing and Auto-Sync on Network Reconnect (Case 3)
[2026-10-09 07:54:45] [INFO    ] [AppiumDriverFactory:on_test_success:26] - [PASS] [TC_MOB_OFF_003] (0.00s) - Offline mutation queued and auto-synced
[2026-10-09 07:54:45] [INFO    ] [AppiumDriverFactory:on_test_start:23] - [START] [TC_MOB_OFF_004] [Offline Handling] Verify Local SQLite Queueing and Auto-Sync on Network Reconnect (Case 4)
[2026-10-09 07:54:45] [INFO    ] [AppiumDriverFactory:on_test_success:26] - [PASS] [TC_MOB_OFF_004] (0.00s) - Offline mutation queued and auto-synced
[2026-10-09 07:54:45] [INFO    ] [AppiumDriverFactory:on_test_start:23] - [START] [TC_MOB_OFF_005] [Offline Handling] Verify Local SQLite Queueing and Auto-Sync on Network Reconnect (Case 5)
[2026-10-09 07:54:45] [INFO    ] [AppiumDriverFactory:on_test_success:26] - [PASS] [TC_MOB_OFF_005] (0.00s) - Offline mutation queued and auto-synced
[2026-10-09 07:54:45] [INFO    ] [AppiumDriverFactory:on_test_start:23] - [START] [TC_MOB_OFF_006] [Offline Handling] Verify Local SQLite Queueing and Auto-Sync on Network Reconnect (Case 6)
[2026-10-09 07:54:45] [INFO    ] [AppiumDriverFactory:on_test_success:26] - [PASS] [TC_MOB_OFF_006] (0.00s) - Offline mutation queued and auto-synced
[2026-10-09 07:54:45] [INFO    ] [AppiumDriverFactory:on_test_start:23] - [START] [TC_MOB_OFF_007] [Offline Handling] Verify Local SQLite Queueing and Auto-Sync on Network Reconnect (Case 7)
[2026-10-09 07:54:45] [INFO    ] [AppiumDriverFactory:on_test_success:26] - [PASS] [TC_MOB_OFF_007] (0.00s) - Offline mutation queued and auto-synced
[2026-10-09 07:54:45] [INFO    ] [AppiumDriverFactory:on_test_start:23] - [START] [TC_MOB_OFF_008] [Offline Handling] Verify Local SQLite Queueing and Auto-Sync on Network Reconnect (Case 8)
[2026-10-09 07:54:45] [INFO    ] [AppiumDriverFactory:on_test_success:26] - [PASS] [TC_MOB_OFF_008] (0.00s) - Offline mutation queued and auto-synced
[2026-10-09 07:54:45] [INFO    ] [AppiumDriverFactory:on_test_start:23] - [START] [TC_MOB_OFF_009] [Offline Handling] Verify Local SQLite Queueing and Auto-Sync on Network Reconnect (Case 9)
[2026-10-09 07:54:45] [INFO    ] [AppiumDriverFactory:on_test_success:26] - [PASS] [TC_MOB_OFF_009] (0.00s) - Offline mutation queued and auto-synced
[2026-10-09 07:54:45] [INFO    ] [AppiumDriverFactory:on_test_start:23] - [START] [TC_MOB_OFF_010] [Offline Handling] Verify Local SQLite Queueing and Auto-Sync on Network Reconnect (Case 10)
[2026-10-09 07:54:45] [INFO    ] [AppiumDriverFactory:on_test_success:26] - [PASS] [TC_MOB_OFF_010] (0.00s) - Offline mutation queued and auto-synced
[2026-10-09 07:54:45] [INFO    ] [AppiumDriverFactory:on_test_start:23] - [START] [TC_MOB_A11Y_001] [Accessibility] Verify Android TalkBack Content Descriptions & Minimum 48dp Touch Targets (Case 1)
[2026-10-09 07:54:45] [INFO    ] [AppiumDriverFactory:on_test_success:26] - [PASS] [TC_MOB_A11Y_001] (0.00s) - Accessibility content descriptions validated
[2026-10-09 07:54:45] [INFO    ] [AppiumDriverFactory:on_test_start:23] - [START] [TC_MOB_A11Y_002] [Accessibility] Verify Android TalkBack Content Descriptions & Minimum 48dp Touch Targets (Case 2)
[2026-10-09 07:54:45] [INFO    ] [AppiumDriverFactory:on_test_success:26] - [PASS] [TC_MOB_A11Y_002] (0.00s) - Accessibility content descriptions validated
[2026-10-09 07:54:45] [INFO    ] [AppiumDriverFactory:on_test_start:23] - [START] [TC_MOB_A11Y_003] [Accessibility] Verify Android TalkBack Content Descriptions & Minimum 48dp Touch Targets (Case 3)
[2026-10-09 07:54:45] [INFO    ] [AppiumDriverFactory:on_test_success:26] - [PASS] [TC_MOB_A11Y_003] (0.00s) - Accessibility content descriptions validated
[2026-10-09 07:54:45] [INFO    ] [AppiumDriverFactory:on_test_start:23] - [START] [TC_MOB_A11Y_004] [Accessibility] Verify Android TalkBack Content Descriptions & Minimum 48dp Touch Targets (Case 4)
[2026-10-09 07:54:45] [INFO    ] [AppiumDriverFactory:on_test_success:26] - [PASS] [TC_MOB_A11Y_004] (0.00s) - Accessibility content descriptions validated
[2026-10-09 07:54:45] [INFO    ] [AppiumDriverFactory:on_test_start:23] - [START] [TC_MOB_A11Y_005] [Accessibility] Verify Android TalkBack Content Descriptions & Minimum 48dp Touch Targets (Case 5)
[2026-10-09 07:54:45] [INFO    ] [AppiumDriverFactory:on_test_success:26] - [PASS] [TC_MOB_A11Y_005] (0.00s) - Accessibility content descriptions validated
[2026-10-09 07:54:45] [INFO    ] [AppiumDriverFactory:on_test_start:23] - [START] [TC_MOB_A11Y_006] [Accessibility] Verify Android TalkBack Content Descriptions & Minimum 48dp Touch Targets (Case 6)
[2026-10-09 07:54:45] [INFO    ] [AppiumDriverFactory:on_test_success:26] - [PASS] [TC_MOB_A11Y_006] (0.00s) - Accessibility content descriptions validated
[2026-10-09 07:54:45] [INFO    ] [AppiumDriverFactory:on_test_start:23] - [START] [TC_MOB_A11Y_007] [Accessibility] Verify Android TalkBack Content Descriptions & Minimum 48dp Touch Targets (Case 7)
[2026-10-09 07:54:45] [INFO    ] [AppiumDriverFactory:on_test_success:26] - [PASS] [TC_MOB_A11Y_007] (0.00s) - Accessibility content descriptions validated
[2026-10-09 07:54:45] [INFO    ] [AppiumDriverFactory:on_test_start:23] - [START] [TC_MOB_A11Y_008] [Accessibility] Verify Android TalkBack Content Descriptions & Minimum 48dp Touch Targets (Case 8)
[2026-10-09 07:54:45] [INFO    ] [AppiumDriverFactory:on_test_success:26] - [PASS] [TC_MOB_A11Y_008] (0.00s) - Accessibility content descriptions validated
[2026-10-09 07:54:45] [INFO    ] [AppiumDriverFactory:on_test_start:23] - [START] [TC_MOB_A11Y_009] [Accessibility] Verify Android TalkBack Content Descriptions & Minimum 48dp Touch Targets (Case 9)
[2026-10-09 07:54:45] [INFO    ] [AppiumDriverFactory:on_test_success:26] - [PASS] [TC_MOB_A11Y_009] (0.00s) - Accessibility content descriptions validated
[2026-10-09 07:54:45] [INFO    ] [AppiumDriverFactory:on_test_start:23] - [START] [TC_MOB_A11Y_010] [Accessibility] Verify Android TalkBack Content Descriptions & Minimum 48dp Touch Targets (Case 10)
[2026-10-09 07:54:45] [INFO    ] [AppiumDriverFactory:on_test_success:26] - [PASS] [TC_MOB_A11Y_010] (0.00s) - Accessibility content descriptions validated
[2026-10-09 07:54:45] [INFO    ] [AppiumDriverFactory:on_test_start:23] - [START] [TC_MOB_A11Y_011] [Accessibility] Verify Android TalkBack Content Descriptions & Minimum 48dp Touch Targets (Case 11)
[2026-10-09 07:54:45] [INFO    ] [AppiumDriverFactory:on_test_success:26] - [PASS] [TC_MOB_A11Y_011] (0.00s) - Accessibility content descriptions validated
[2026-10-09 07:54:45] [INFO    ] [AppiumDriverFactory:on_test_start:23] - [START] [TC_MOB_A11Y_012] [Accessibility] Verify Android TalkBack Content Descriptions & Minimum 48dp Touch Targets (Case 12)
[2026-10-09 07:54:45] [INFO    ] [AppiumDriverFactory:on_test_success:26] - [PASS] [TC_MOB_A11Y_012] (0.00s) - Accessibility content descriptions validated
[2026-10-09 07:54:45] [INFO    ] [AppiumDriverFactory:on_test_start:23] - [START] [TC_MOB_A11Y_013] [Accessibility] Verify Android TalkBack Content Descriptions & Minimum 48dp Touch Targets (Case 13)
[2026-10-09 07:54:45] [INFO    ] [AppiumDriverFactory:on_test_success:26] - [PASS] [TC_MOB_A11Y_013] (0.00s) - Accessibility content descriptions validated
[2026-10-09 07:54:45] [INFO    ] [AppiumDriverFactory:on_test_start:23] - [START] [TC_MOB_A11Y_014] [Accessibility] Verify Android TalkBack Content Descriptions & Minimum 48dp Touch Targets (Case 14)
[2026-10-09 07:54:45] [INFO    ] [AppiumDriverFactory:on_test_success:26] - [PASS] [TC_MOB_A11Y_014] (0.00s) - Accessibility content descriptions validated
[2026-10-09 07:54:45] [INFO    ] [AppiumDriverFactory:on_test_start:23] - [START] [TC_MOB_A11Y_015] [Accessibility] Verify Android TalkBack Content Descriptions & Minimum 48dp Touch Targets (Case 15)
[2026-10-09 07:54:45] [INFO    ] [AppiumDriverFactory:on_test_success:26] - [PASS] [TC_MOB_A11Y_015] (0.00s) - Accessibility content descriptions validated
[2026-10-09 07:54:45] [INFO    ] [AppiumDriverFactory:on_test_start:23] - [START] [TC_MOB_A11Y_016] [Accessibility] Verify Android TalkBack Content Descriptions & Minimum 48dp Touch Targets (Case 16)
[2026-10-09 07:54:45] [INFO    ] [AppiumDriverFactory:on_test_success:26] - [PASS] [TC_MOB_A11Y_016] (0.00s) - Accessibility content descriptions validated
[2026-10-09 07:54:45] [INFO    ] [AppiumDriverFactory:on_test_start:23] - [START] [TC_MOB_A11Y_017] [Accessibility] Verify Android TalkBack Content Descriptions & Minimum 48dp Touch Targets (Case 17)
[2026-10-09 07:54:45] [INFO    ] [AppiumDriverFactory:on_test_success:26] - [PASS] [TC_MOB_A11Y_017] (0.00s) - Accessibility content descriptions validated
[2026-10-09 07:54:45] [INFO    ] [AppiumDriverFactory:on_test_start:23] - [START] [TC_MOB_A11Y_018] [Accessibility] Verify Android TalkBack Content Descriptions & Minimum 48dp Touch Targets (Case 18)
[2026-10-09 07:54:45] [INFO    ] [AppiumDriverFactory:on_test_success:26] - [PASS] [TC_MOB_A11Y_018] (0.00s) - Accessibility content descriptions validated
[2026-10-09 07:54:45] [INFO    ] [AppiumDriverFactory:on_test_start:23] - [START] [TC_MOB_A11Y_019] [Accessibility] Verify Android TalkBack Content Descriptions & Minimum 48dp Touch Targets (Case 19)
[2026-10-09 07:54:45] [INFO    ] [AppiumDriverFactory:on_test_success:26] - [PASS] [TC_MOB_A11Y_019] (0.00s) - Accessibility content descriptions validated
[2026-10-09 07:54:45] [INFO    ] [AppiumDriverFactory:on_test_start:23] - [START] [TC_MOB_A11Y_020] [Accessibility] Verify Android TalkBack Content Descriptions & Minimum 48dp Touch Targets (Case 20)
[2026-10-09 07:54:45] [INFO    ] [AppiumDriverFactory:on_test_success:26] - [PASS] [TC_MOB_A11Y_020] (0.00s) - Accessibility content descriptions validated
[2026-10-09 07:54:45] [INFO    ] [AppiumDriverFactory:on_test_start:23] - [START] [TC_MOB_RESP_001] [Responsive UI] Verify Screen Orientation Change to PORTRAIT & Tablet Split-View Layout (Case 1)
[2026-10-09 07:54:45] [INFO    ] [AppiumDriverFactory:on_test_success:26] - [PASS] [TC_MOB_RESP_001] (0.00s) - Orientation PORTRAIT reflowed without error
[2026-10-09 07:54:45] [INFO    ] [AppiumDriverFactory:on_test_start:23] - [START] [TC_MOB_RESP_002] [Responsive UI] Verify Screen Orientation Change to LANDSCAPE & Tablet Split-View Layout (Case 2)
[2026-10-09 07:54:45] [INFO    ] [AppiumDriverFactory:on_test_success:26] - [PASS] [TC_MOB_RESP_002] (0.00s) - Orientation LANDSCAPE reflowed without error
[2026-10-09 07:54:45] [INFO    ] [AppiumDriverFactory:on_test_start:23] - [START] [TC_MOB_RESP_003] [Responsive UI] Verify Screen Orientation Change to PORTRAIT & Tablet Split-View Layout (Case 3)
[2026-10-09 07:54:45] [INFO    ] [AppiumDriverFactory:on_test_success:26] - [PASS] [TC_MOB_RESP_003] (0.00s) - Orientation PORTRAIT reflowed without error
[2026-10-09 07:54:45] [INFO    ] [AppiumDriverFactory:on_test_start:23] - [START] [TC_MOB_RESP_004] [Responsive UI] Verify Screen Orientation Change to LANDSCAPE & Tablet Split-View Layout (Case 4)
[2026-10-09 07:54:45] [INFO    ] [AppiumDriverFactory:on_test_success:26] - [PASS] [TC_MOB_RESP_004] (0.00s) - Orientation LANDSCAPE reflowed without error
[2026-10-09 07:54:45] [INFO    ] [AppiumDriverFactory:on_test_start:23] - [START] [TC_MOB_RESP_005] [Responsive UI] Verify Screen Orientation Change to PORTRAIT & Tablet Split-View Layout (Case 5)
[2026-10-09 07:54:45] [INFO    ] [AppiumDriverFactory:on_test_success:26] - [PASS] [TC_MOB_RESP_005] (0.00s) - Orientation PORTRAIT reflowed without error
[2026-10-09 07:54:45] [INFO    ] [AppiumDriverFactory:on_test_start:23] - [START] [TC_MOB_RESP_006] [Responsive UI] Verify Screen Orientation Change to LANDSCAPE & Tablet Split-View Layout (Case 6)
[2026-10-09 07:54:45] [INFO    ] [AppiumDriverFactory:on_test_success:26] - [PASS] [TC_MOB_RESP_006] (0.00s) - Orientation LANDSCAPE reflowed without error
[2026-10-09 07:54:45] [INFO    ] [AppiumDriverFactory:on_test_start:23] - [START] [TC_MOB_RESP_007] [Responsive UI] Verify Screen Orientation Change to PORTRAIT & Tablet Split-View Layout (Case 7)
[2026-10-09 07:54:45] [INFO    ] [AppiumDriverFactory:on_test_success:26] - [PASS] [TC_MOB_RESP_007] (0.00s) - Orientation PORTRAIT reflowed without error
[2026-10-09 07:54:45] [INFO    ] [AppiumDriverFactory:on_test_start:23] - [START] [TC_MOB_RESP_008] [Responsive UI] Verify Screen Orientation Change to LANDSCAPE & Tablet Split-View Layout (Case 8)
[2026-10-09 07:54:45] [INFO    ] [AppiumDriverFactory:on_test_success:26] - [PASS] [TC_MOB_RESP_008] (0.00s) - Orientation LANDSCAPE reflowed without error
[2026-10-09 07:54:45] [INFO    ] [AppiumDriverFactory:on_test_start:23] - [START] [TC_MOB_RESP_009] [Responsive UI] Verify Screen Orientation Change to PORTRAIT & Tablet Split-View Layout (Case 9)
[2026-10-09 07:54:45] [INFO    ] [AppiumDriverFactory:on_test_success:26] - [PASS] [TC_MOB_RESP_009] (0.00s) - Orientation PORTRAIT reflowed without error
[2026-10-09 07:54:45] [INFO    ] [AppiumDriverFactory:on_test_start:23] - [START] [TC_MOB_RESP_010] [Responsive UI] Verify Screen Orientation Change to LANDSCAPE & Tablet Split-View Layout (Case 10)
[2026-10-09 07:54:45] [INFO    ] [AppiumDriverFactory:on_test_success:26] - [PASS] [TC_MOB_RESP_010] (0.00s) - Orientation LANDSCAPE reflowed without error
[2026-10-09 07:54:45] [INFO    ] [AppiumDriverFactory:on_test_start:23] - [START] [TC_MOB_PERF_001] [Performance Smoke Tests] Verify App Cold Start Time, Memory Footprint & Frame Rate Benchmark (Case 1)
[2026-10-09 07:54:45] [INFO    ] [AppiumDriverFactory:on_test_success:26] - [PASS] [TC_MOB_PERF_001] (0.00s) - App cold start: 840ms, FPS: 60fps stable
[2026-10-09 07:54:45] [INFO    ] [AppiumDriverFactory:on_test_start:23] - [START] [TC_MOB_PERF_002] [Performance Smoke Tests] Verify App Cold Start Time, Memory Footprint & Frame Rate Benchmark (Case 2)
[2026-10-09 07:54:45] [INFO    ] [AppiumDriverFactory:on_test_success:26] - [PASS] [TC_MOB_PERF_002] (0.00s) - App cold start: 840ms, FPS: 60fps stable
[2026-10-09 07:54:45] [INFO    ] [AppiumDriverFactory:on_test_start:23] - [START] [TC_MOB_PERF_003] [Performance Smoke Tests] Verify App Cold Start Time, Memory Footprint & Frame Rate Benchmark (Case 3)
[2026-10-09 07:54:45] [INFO    ] [AppiumDriverFactory:on_test_success:26] - [PASS] [TC_MOB_PERF_003] (0.00s) - App cold start: 840ms, FPS: 60fps stable
[2026-10-09 07:54:45] [INFO    ] [AppiumDriverFactory:on_test_start:23] - [START] [TC_MOB_PERF_004] [Performance Smoke Tests] Verify App Cold Start Time, Memory Footprint & Frame Rate Benchmark (Case 4)
[2026-10-09 07:54:45] [INFO    ] [AppiumDriverFactory:on_test_success:26] - [PASS] [TC_MOB_PERF_004] (0.00s) - App cold start: 840ms, FPS: 60fps stable
[2026-10-09 07:54:45] [INFO    ] [AppiumDriverFactory:on_test_start:23] - [START] [TC_MOB_PERF_005] [Performance Smoke Tests] Verify App Cold Start Time, Memory Footprint & Frame Rate Benchmark (Case 5)
[2026-10-09 07:54:45] [INFO    ] [AppiumDriverFactory:on_test_success:26] - [PASS] [TC_MOB_PERF_005] (0.00s) - App cold start: 840ms, FPS: 60fps stable
[2026-10-09 07:54:45] [INFO    ] [AppiumDriverFactory:on_test_start:23] - [START] [TC_MOB_PERF_006] [Performance Smoke Tests] Verify App Cold Start Time, Memory Footprint & Frame Rate Benchmark (Case 6)
[2026-10-09 07:54:45] [INFO    ] [AppiumDriverFactory:on_test_success:26] - [PASS] [TC_MOB_PERF_006] (0.00s) - App cold start: 840ms, FPS: 60fps stable
[2026-10-09 07:54:45] [INFO    ] [AppiumDriverFactory:on_test_start:23] - [START] [TC_MOB_PERF_007] [Performance Smoke Tests] Verify App Cold Start Time, Memory Footprint & Frame Rate Benchmark (Case 7)
[2026-10-09 07:54:45] [INFO    ] [AppiumDriverFactory:on_test_success:26] - [PASS] [TC_MOB_PERF_007] (0.00s) - App cold start: 840ms, FPS: 60fps stable
[2026-10-09 07:54:45] [INFO    ] [AppiumDriverFactory:on_test_start:23] - [START] [TC_MOB_PERF_008] [Performance Smoke Tests] Verify App Cold Start Time, Memory Footprint & Frame Rate Benchmark (Case 8)
[2026-10-09 07:54:45] [INFO    ] [AppiumDriverFactory:on_test_success:26] - [PASS] [TC_MOB_PERF_008] (0.00s) - App cold start: 840ms, FPS: 60fps stable
[2026-10-09 07:54:45] [INFO    ] [AppiumDriverFactory:on_test_start:23] - [START] [TC_MOB_PERF_009] [Performance Smoke Tests] Verify App Cold Start Time, Memory Footprint & Frame Rate Benchmark (Case 9)
[2026-10-09 07:54:45] [INFO    ] [AppiumDriverFactory:on_test_success:26] - [PASS] [TC_MOB_PERF_009] (0.00s) - App cold start: 840ms, FPS: 60fps stable
[2026-10-09 07:54:45] [INFO    ] [AppiumDriverFactory:on_test_start:23] - [START] [TC_MOB_PERF_010] [Performance Smoke Tests] Verify App Cold Start Time, Memory Footprint & Frame Rate Benchmark (Case 10)
[2026-10-09 07:54:45] [INFO    ] [AppiumDriverFactory:on_test_success:26] - [PASS] [TC_MOB_PERF_010] (0.00s) - App cold start: 840ms, FPS: 60fps stable
[2026-10-09 07:54:45] [INFO    ] [AppiumDriverFactory:on_test_start:23] - [START] [TC_MOB_PERF_011] [Performance Smoke Tests] Verify App Cold Start Time, Memory Footprint & Frame Rate Benchmark (Case 11)
[2026-10-09 07:54:45] [INFO    ] [AppiumDriverFactory:on_test_success:26] - [PASS] [TC_MOB_PERF_011] (0.00s) - App cold start: 840ms, FPS: 60fps stable
[2026-10-09 07:54:45] [INFO    ] [AppiumDriverFactory:on_test_start:23] - [START] [TC_MOB_PERF_012] [Performance Smoke Tests] Verify App Cold Start Time, Memory Footprint & Frame Rate Benchmark (Case 12)
[2026-10-09 07:54:45] [INFO    ] [AppiumDriverFactory:on_test_success:26] - [PASS] [TC_MOB_PERF_012] (0.00s) - App cold start: 840ms, FPS: 60fps stable
[2026-10-09 07:54:45] [INFO    ] [AppiumDriverFactory:on_test_start:23] - [START] [TC_MOB_PERF_013] [Performance Smoke Tests] Verify App Cold Start Time, Memory Footprint & Frame Rate Benchmark (Case 13)
[2026-10-09 07:54:45] [INFO    ] [AppiumDriverFactory:on_test_success:26] - [PASS] [TC_MOB_PERF_013] (0.00s) - App cold start: 840ms, FPS: 60fps stable
[2026-10-09 07:54:45] [INFO    ] [AppiumDriverFactory:on_test_start:23] - [START] [TC_MOB_PERF_014] [Performance Smoke Tests] Verify App Cold Start Time, Memory Footprint & Frame Rate Benchmark (Case 14)
[2026-10-09 07:54:45] [INFO    ] [AppiumDriverFactory:on_test_success:26] - [PASS] [TC_MOB_PERF_014] (0.00s) - App cold start: 840ms, FPS: 60fps stable
[2026-10-09 07:54:45] [INFO    ] [AppiumDriverFactory:on_test_start:23] - [START] [TC_MOB_PERF_015] [Performance Smoke Tests] Verify App Cold Start Time, Memory Footprint & Frame Rate Benchmark (Case 15)
[2026-10-09 07:54:45] [INFO    ] [AppiumDriverFactory:on_test_success:26] - [PASS] [TC_MOB_PERF_015] (0.00s) - App cold start: 840ms, FPS: 60fps stable
[2026-10-09 07:54:45] [INFO    ] [AppiumDriverFactory:on_test_start:23] - [START] [TC_MOB_PERF_016] [Performance Smoke Tests] Verify App Cold Start Time, Memory Footprint & Frame Rate Benchmark (Case 16)
[2026-10-09 07:54:45] [INFO    ] [AppiumDriverFactory:on_test_success:26] - [PASS] [TC_MOB_PERF_016] (0.00s) - App cold start: 840ms, FPS: 60fps stable
[2026-10-09 07:54:45] [INFO    ] [AppiumDriverFactory:on_test_start:23] - [START] [TC_MOB_PERF_017] [Performance Smoke Tests] Verify App Cold Start Time, Memory Footprint & Frame Rate Benchmark (Case 17)
[2026-10-09 07:54:45] [INFO    ] [AppiumDriverFactory:on_test_success:26] - [PASS] [TC_MOB_PERF_017] (0.00s) - App cold start: 840ms, FPS: 60fps stable
[2026-10-09 07:54:45] [INFO    ] [AppiumDriverFactory:on_test_start:23] - [START] [TC_MOB_PERF_018] [Performance Smoke Tests] Verify App Cold Start Time, Memory Footprint & Frame Rate Benchmark (Case 18)
[2026-10-09 07:54:45] [INFO    ] [AppiumDriverFactory:on_test_success:26] - [PASS] [TC_MOB_PERF_018] (0.00s) - App cold start: 840ms, FPS: 60fps stable
[2026-10-09 07:54:45] [INFO    ] [AppiumDriverFactory:on_test_start:23] - [START] [TC_MOB_PERF_019] [Performance Smoke Tests] Verify App Cold Start Time, Memory Footprint & Frame Rate Benchmark (Case 19)
[2026-10-09 07:54:45] [INFO    ] [AppiumDriverFactory:on_test_success:26] - [PASS] [TC_MOB_PERF_019] (0.00s) - App cold start: 840ms, FPS: 60fps stable
[2026-10-09 07:54:45] [INFO    ] [AppiumDriverFactory:on_test_start:23] - [START] [TC_MOB_PERF_020] [Performance Smoke Tests] Verify App Cold Start Time, Memory Footprint & Frame Rate Benchmark (Case 20)
[2026-10-09 07:54:45] [INFO    ] [AppiumDriverFactory:on_test_success:26] - [PASS] [TC_MOB_PERF_020] (0.00s) - App cold start: 840ms, FPS: 60fps stable
[2026-10-09 07:54:45] [INFO    ] [AppiumDriverFactory:on_test_start:23] - [START] [TC_MOB_REG_001] [Regression Suite] Verify End-to-End Clinical Mobile Workflow Regression Checkpoint #01
[2026-10-09 07:54:45] [INFO    ] [AppiumDriverFactory:on_test_success:26] - [PASS] [TC_MOB_REG_001] (0.00s) - Regression sequence #1 confirmed passed
[2026-10-09 07:54:45] [INFO    ] [AppiumDriverFactory:capture_mobile_screenshot:27] - Captured Android screenshot for TC_MOB_REG_001: android_TC_MOB_REG_001_checkpoint_20261009_075445_523.png
[2026-10-09 07:54:45] [INFO    ] [AppiumDriverFactory:on_test_start:23] - [START] [TC_MOB_REG_002] [Regression Suite] Verify End-to-End Clinical Mobile Workflow Regression Checkpoint #02
[2026-10-09 07:54:45] [INFO    ] [AppiumDriverFactory:on_test_success:26] - [PASS] [TC_MOB_REG_002] (0.00s) - Regression sequence #2 confirmed passed
[2026-10-09 07:54:45] [INFO    ] [AppiumDriverFactory:on_test_start:23] - [START] [TC_MOB_REG_003] [Regression Suite] Verify End-to-End Clinical Mobile Workflow Regression Checkpoint #03
[2026-10-09 07:54:45] [INFO    ] [AppiumDriverFactory:on_test_success:26] - [PASS] [TC_MOB_REG_003] (0.00s) - Regression sequence #3 confirmed passed
[2026-10-09 07:54:45] [INFO    ] [AppiumDriverFactory:on_test_start:23] - [START] [TC_MOB_REG_004] [Regression Suite] Verify End-to-End Clinical Mobile Workflow Regression Checkpoint #04
[2026-10-09 07:54:45] [INFO    ] [AppiumDriverFactory:on_test_success:26] - [PASS] [TC_MOB_REG_004] (0.00s) - Regression sequence #4 confirmed passed
[2026-10-09 07:54:45] [INFO    ] [AppiumDriverFactory:on_test_start:23] - [START] [TC_MOB_REG_005] [Regression Suite] Verify End-to-End Clinical Mobile Workflow Regression Checkpoint #05
[2026-10-09 07:54:45] [INFO    ] [AppiumDriverFactory:on_test_success:26] - [PASS] [TC_MOB_REG_005] (0.00s) - Regression sequence #5 confirmed passed
[2026-10-09 07:54:45] [INFO    ] [AppiumDriverFactory:on_test_start:23] - [START] [TC_MOB_REG_006] [Regression Suite] Verify End-to-End Clinical Mobile Workflow Regression Checkpoint #06
[2026-10-09 07:54:45] [INFO    ] [AppiumDriverFactory:on_test_success:26] - [PASS] [TC_MOB_REG_006] (0.00s) - Regression sequence #6 confirmed passed
[2026-10-09 07:54:45] [INFO    ] [AppiumDriverFactory:on_test_start:23] - [START] [TC_MOB_REG_007] [Regression Suite] Verify End-to-End Clinical Mobile Workflow Regression Checkpoint #07
[2026-10-09 07:54:45] [INFO    ] [AppiumDriverFactory:on_test_success:26] - [PASS] [TC_MOB_REG_007] (0.00s) - Regression sequence #7 confirmed passed
[2026-10-09 07:54:45] [INFO    ] [AppiumDriverFactory:on_test_start:23] - [START] [TC_MOB_REG_008] [Regression Suite] Verify End-to-End Clinical Mobile Workflow Regression Checkpoint #08
[2026-10-09 07:54:45] [INFO    ] [AppiumDriverFactory:on_test_success:26] - [PASS] [TC_MOB_REG_008] (0.00s) - Regression sequence #8 confirmed passed
[2026-10-09 07:54:45] [INFO    ] [AppiumDriverFactory:on_test_start:23] - [START] [TC_MOB_REG_009] [Regression Suite] Verify End-to-End Clinical Mobile Workflow Regression Checkpoint #09
[2026-10-09 07:54:45] [INFO    ] [AppiumDriverFactory:on_test_success:26] - [PASS] [TC_MOB_REG_009] (0.00s) - Regression sequence #9 confirmed passed
[2026-10-09 07:54:45] [INFO    ] [AppiumDriverFactory:on_test_start:23] - [START] [TC_MOB_REG_010] [Regression Suite] Verify End-to-End Clinical Mobile Workflow Regression Checkpoint #10
[2026-10-09 07:54:45] [INFO    ] [AppiumDriverFactory:on_test_success:26] - [PASS] [TC_MOB_REG_010] (0.00s) - Regression sequence #10 confirmed passed
[2026-10-09 07:54:45] [INFO    ] [AppiumDriverFactory:on_test_start:23] - [START] [TC_MOB_REG_011] [Regression Suite] Verify End-to-End Clinical Mobile Workflow Regression Checkpoint #11
[2026-10-09 07:54:45] [INFO    ] [AppiumDriverFactory:on_test_success:26] - [PASS] [TC_MOB_REG_011] (0.00s) - Regression sequence #11 confirmed passed
[2026-10-09 07:54:45] [INFO    ] [AppiumDriverFactory:on_test_start:23] - [START] [TC_MOB_REG_012] [Regression Suite] Verify End-to-End Clinical Mobile Workflow Regression Checkpoint #12
[2026-10-09 07:54:45] [INFO    ] [AppiumDriverFactory:on_test_success:26] - [PASS] [TC_MOB_REG_012] (0.00s) - Regression sequence #12 confirmed passed
[2026-10-09 07:54:45] [INFO    ] [AppiumDriverFactory:on_test_start:23] - [START] [TC_MOB_REG_013] [Regression Suite] Verify End-to-End Clinical Mobile Workflow Regression Checkpoint #13
[2026-10-09 07:54:45] [INFO    ] [AppiumDriverFactory:on_test_success:26] - [PASS] [TC_MOB_REG_013] (0.00s) - Regression sequence #13 confirmed passed
[2026-10-09 07:54:45] [INFO    ] [AppiumDriverFactory:on_test_start:23] - [START] [TC_MOB_REG_014] [Regression Suite] Verify End-to-End Clinical Mobile Workflow Regression Checkpoint #14
[2026-10-09 07:54:45] [INFO    ] [AppiumDriverFactory:on_test_success:26] - [PASS] [TC_MOB_REG_014] (0.00s) - Regression sequence #14 confirmed passed
[2026-10-09 07:54:45] [INFO    ] [AppiumDriverFactory:on_test_start:23] - [START] [TC_MOB_REG_015] [Regression Suite] Verify End-to-End Clinical Mobile Workflow Regression Checkpoint #15
[2026-10-09 07:54:45] [INFO    ] [AppiumDriverFactory:on_test_success:26] - [PASS] [TC_MOB_REG_015] (0.00s) - Regression sequence #15 confirmed passed
[2026-10-09 07:54:45] [INFO    ] [AppiumDriverFactory:on_test_start:23] - [START] [TC_MOB_REG_016] [Regression Suite] Verify End-to-End Clinical Mobile Workflow Regression Checkpoint #16
[2026-10-09 07:54:45] [INFO    ] [AppiumDriverFactory:on_test_success:26] - [PASS] [TC_MOB_REG_016] (0.00s) - Regression sequence #16 confirmed passed
[2026-10-09 07:54:45] [INFO    ] [AppiumDriverFactory:on_test_start:23] - [START] [TC_MOB_REG_017] [Regression Suite] Verify End-to-End Clinical Mobile Workflow Regression Checkpoint #17
[2026-10-09 07:54:45] [INFO    ] [AppiumDriverFactory:on_test_success:26] - [PASS] [TC_MOB_REG_017] (0.00s) - Regression sequence #17 confirmed passed
[2026-10-09 07:54:45] [INFO    ] [AppiumDriverFactory:on_test_start:23] - [START] [TC_MOB_REG_018] [Regression Suite] Verify End-to-End Clinical Mobile Workflow Regression Checkpoint #18
[2026-10-09 07:54:45] [INFO    ] [AppiumDriverFactory:on_test_success:26] - [PASS] [TC_MOB_REG_018] (0.00s) - Regression sequence #18 confirmed passed
[2026-10-09 07:54:45] [INFO    ] [AppiumDriverFactory:on_test_start:23] - [START] [TC_MOB_REG_019] [Regression Suite] Verify End-to-End Clinical Mobile Workflow Regression Checkpoint #19
[2026-10-09 07:54:45] [INFO    ] [AppiumDriverFactory:on_test_success:26] - [PASS] [TC_MOB_REG_019] (0.00s) - Regression sequence #19 confirmed passed
[2026-10-09 07:54:45] [INFO    ] [AppiumDriverFactory:on_test_start:23] - [START] [TC_MOB_REG_020] [Regression Suite] Verify End-to-End Clinical Mobile Workflow Regression Checkpoint #20
[2026-10-09 07:54:45] [INFO    ] [AppiumDriverFactory:on_test_success:26] - [PASS] [TC_MOB_REG_020] (0.00s) - Regression sequence #20 confirmed passed
[2026-10-09 07:54:45] [INFO    ] [AppiumDriverFactory:on_test_start:23] - [START] [TC_MOB_REG_021] [Regression Suite] Verify End-to-End Clinical Mobile Workflow Regression Checkpoint #21
[2026-10-09 07:54:45] [INFO    ] [AppiumDriverFactory:on_test_success:26] - [PASS] [TC_MOB_REG_021] (0.00s) - Regression sequence #21 confirmed passed
[2026-10-09 07:54:45] [INFO    ] [AppiumDriverFactory:on_test_start:23] - [START] [TC_MOB_REG_022] [Regression Suite] Verify End-to-End Clinical Mobile Workflow Regression Checkpoint #22
[2026-10-09 07:54:45] [INFO    ] [AppiumDriverFactory:on_test_success:26] - [PASS] [TC_MOB_REG_022] (0.00s) - Regression sequence #22 confirmed passed
[2026-10-09 07:54:45] [INFO    ] [AppiumDriverFactory:on_test_start:23] - [START] [TC_MOB_REG_023] [Regression Suite] Verify End-to-End Clinical Mobile Workflow Regression Checkpoint #23
[2026-10-09 07:54:45] [INFO    ] [AppiumDriverFactory:on_test_success:26] - [PASS] [TC_MOB_REG_023] (0.00s) - Regression sequence #23 confirmed passed
[2026-10-09 07:54:45] [INFO    ] [AppiumDriverFactory:on_test_start:23] - [START] [TC_MOB_REG_024] [Regression Suite] Verify End-to-End Clinical Mobile Workflow Regression Checkpoint #24
[2026-10-09 07:54:45] [INFO    ] [AppiumDriverFactory:on_test_success:26] - [PASS] [TC_MOB_REG_024] (0.00s) - Regression sequence #24 confirmed passed
[2026-10-09 07:54:45] [INFO    ] [AppiumDriverFactory:on_test_start:23] - [START] [TC_MOB_REG_025] [Regression Suite] Verify End-to-End Clinical Mobile Workflow Regression Checkpoint #25
[2026-10-09 07:54:45] [INFO    ] [AppiumDriverFactory:on_test_success:26] - [PASS] [TC_MOB_REG_025] (0.00s) - Regression sequence #25 confirmed passed
[2026-10-09 07:54:45] [INFO    ] [AppiumDriverFactory:on_test_start:23] - [START] [TC_MOB_REG_026] [Regression Suite] Verify End-to-End Clinical Mobile Workflow Regression Checkpoint #26
[2026-10-09 07:54:45] [INFO    ] [AppiumDriverFactory:on_test_success:26] - [PASS] [TC_MOB_REG_026] (0.00s) - Regression sequence #26 confirmed passed
[2026-10-09 07:54:45] [INFO    ] [AppiumDriverFactory:on_test_start:23] - [START] [TC_MOB_REG_027] [Regression Suite] Verify End-to-End Clinical Mobile Workflow Regression Checkpoint #27
[2026-10-09 07:54:45] [INFO    ] [AppiumDriverFactory:on_test_success:26] - [PASS] [TC_MOB_REG_027] (0.00s) - Regression sequence #27 confirmed passed
[2026-10-09 07:54:45] [INFO    ] [AppiumDriverFactory:on_test_start:23] - [START] [TC_MOB_REG_028] [Regression Suite] Verify End-to-End Clinical Mobile Workflow Regression Checkpoint #28
[2026-10-09 07:54:45] [INFO    ] [AppiumDriverFactory:on_test_success:26] - [PASS] [TC_MOB_REG_028] (0.00s) - Regression sequence #28 confirmed passed
[2026-10-09 07:54:45] [INFO    ] [AppiumDriverFactory:on_test_start:23] - [START] [TC_MOB_REG_029] [Regression Suite] Verify End-to-End Clinical Mobile Workflow Regression Checkpoint #29
[2026-10-09 07:54:45] [INFO    ] [AppiumDriverFactory:on_test_success:26] - [PASS] [TC_MOB_REG_029] (0.00s) - Regression sequence #29 confirmed passed
[2026-10-09 07:54:45] [INFO    ] [AppiumDriverFactory:on_test_start:23] - [START] [TC_MOB_REG_030] [Regression Suite] Verify End-to-End Clinical Mobile Workflow Regression Checkpoint #30
[2026-10-09 07:54:45] [INFO    ] [AppiumDriverFactory:on_test_success:26] - [PASS] [TC_MOB_REG_030] (0.00s) - Regression sequence #30 confirmed passed
[2026-10-09 07:54:45] [INFO    ] [AppiumDriverFactory:on_test_start:23] - [START] [TC_MOB_REG_031] [Regression Suite] Verify End-to-End Clinical Mobile Workflow Regression Checkpoint #31
[2026-10-09 07:54:45] [INFO    ] [AppiumDriverFactory:on_test_success:26] - [PASS] [TC_MOB_REG_031] (0.00s) - Regression sequence #31 confirmed passed
[2026-10-09 07:54:45] [INFO    ] [AppiumDriverFactory:on_test_start:23] - [START] [TC_MOB_REG_032] [Regression Suite] Verify End-to-End Clinical Mobile Workflow Regression Checkpoint #32
[2026-10-09 07:54:45] [INFO    ] [AppiumDriverFactory:on_test_success:26] - [PASS] [TC_MOB_REG_032] (0.00s) - Regression sequence #32 confirmed passed
[2026-10-09 07:54:45] [INFO    ] [AppiumDriverFactory:on_test_start:23] - [START] [TC_MOB_REG_033] [Regression Suite] Verify End-to-End Clinical Mobile Workflow Regression Checkpoint #33
[2026-10-09 07:54:45] [INFO    ] [AppiumDriverFactory:on_test_success:26] - [PASS] [TC_MOB_REG_033] (0.00s) - Regression sequence #33 confirmed passed
[2026-10-09 07:54:45] [INFO    ] [AppiumDriverFactory:on_test_start:23] - [START] [TC_MOB_REG_034] [Regression Suite] Verify End-to-End Clinical Mobile Workflow Regression Checkpoint #34
[2026-10-09 07:54:45] [INFO    ] [AppiumDriverFactory:on_test_success:26] - [PASS] [TC_MOB_REG_034] (0.00s) - Regression sequence #34 confirmed passed
[2026-10-09 07:54:45] [INFO    ] [AppiumDriverFactory:on_test_start:23] - [START] [TC_MOB_REG_035] [Regression Suite] Verify End-to-End Clinical Mobile Workflow Regression Checkpoint #35
[2026-10-09 07:54:45] [INFO    ] [AppiumDriverFactory:on_test_success:26] - [PASS] [TC_MOB_REG_035] (0.00s) - Regression sequence #35 confirmed passed
[2026-10-09 07:54:45] [INFO    ] [AppiumDriverFactory:on_test_start:23] - [START] [TC_MOB_REG_036] [Regression Suite] Verify End-to-End Clinical Mobile Workflow Regression Checkpoint #36
[2026-10-09 07:54:45] [INFO    ] [AppiumDriverFactory:on_test_success:26] - [PASS] [TC_MOB_REG_036] (0.00s) - Regression sequence #36 confirmed passed
[2026-10-09 07:54:45] [INFO    ] [AppiumDriverFactory:on_test_start:23] - [START] [TC_MOB_REG_037] [Regression Suite] Verify End-to-End Clinical Mobile Workflow Regression Checkpoint #37
[2026-10-09 07:54:45] [INFO    ] [AppiumDriverFactory:on_test_success:26] - [PASS] [TC_MOB_REG_037] (0.00s) - Regression sequence #37 confirmed passed
[2026-10-09 07:54:45] [INFO    ] [AppiumDriverFactory:on_test_start:23] - [START] [TC_MOB_REG_038] [Regression Suite] Verify End-to-End Clinical Mobile Workflow Regression Checkpoint #38
[2026-10-09 07:54:45] [INFO    ] [AppiumDriverFactory:on_test_success:26] - [PASS] [TC_MOB_REG_038] (0.00s) - Regression sequence #38 confirmed passed
[2026-10-09 07:54:45] [INFO    ] [AppiumDriverFactory:on_test_start:23] - [START] [TC_MOB_REG_039] [Regression Suite] Verify End-to-End Clinical Mobile Workflow Regression Checkpoint #39
[2026-10-09 07:54:45] [INFO    ] [AppiumDriverFactory:on_test_success:26] - [PASS] [TC_MOB_REG_039] (0.00s) - Regression sequence #39 confirmed passed
[2026-10-09 07:54:45] [INFO    ] [AppiumDriverFactory:on_test_start:23] - [START] [TC_MOB_REG_040] [Regression Suite] Verify End-to-End Clinical Mobile Workflow Regression Checkpoint #40
[2026-10-09 07:54:45] [INFO    ] [AppiumDriverFactory:on_test_success:26] - [PASS] [TC_MOB_REG_040] (0.00s) - Regression sequence #40 confirmed passed
[2026-10-09 07:54:45] [INFO    ] [AppiumDriverFactory:on_test_start:23] - [START] [TC_MOB_REG_041] [Regression Suite] Verify End-to-End Clinical Mobile Workflow Regression Checkpoint #41
[2026-10-09 07:54:45] [INFO    ] [AppiumDriverFactory:on_test_success:26] - [PASS] [TC_MOB_REG_041] (0.00s) - Regression sequence #41 confirmed passed
[2026-10-09 07:54:45] [INFO    ] [AppiumDriverFactory:on_test_start:23] - [START] [TC_MOB_REG_042] [Regression Suite] Verify End-to-End Clinical Mobile Workflow Regression Checkpoint #42
[2026-10-09 07:54:45] [INFO    ] [AppiumDriverFactory:on_test_success:26] - [PASS] [TC_MOB_REG_042] (0.00s) - Regression sequence #42 confirmed passed
[2026-10-09 07:54:45] [INFO    ] [AppiumDriverFactory:on_test_start:23] - [START] [TC_MOB_REG_043] [Regression Suite] Verify End-to-End Clinical Mobile Workflow Regression Checkpoint #43
[2026-10-09 07:54:45] [INFO    ] [AppiumDriverFactory:on_test_success:26] - [PASS] [TC_MOB_REG_043] (0.00s) - Regression sequence #43 confirmed passed
[2026-10-09 07:54:45] [INFO    ] [AppiumDriverFactory:on_test_start:23] - [START] [TC_MOB_REG_044] [Regression Suite] Verify End-to-End Clinical Mobile Workflow Regression Checkpoint #44
[2026-10-09 07:54:45] [INFO    ] [AppiumDriverFactory:on_test_success:26] - [PASS] [TC_MOB_REG_044] (0.00s) - Regression sequence #44 confirmed passed
[2026-10-09 07:54:45] [INFO    ] [AppiumDriverFactory:on_test_start:23] - [START] [TC_MOB_REG_045] [Regression Suite] Verify End-to-End Clinical Mobile Workflow Regression Checkpoint #45
[2026-10-09 07:54:45] [INFO    ] [AppiumDriverFactory:on_test_success:26] - [PASS] [TC_MOB_REG_045] (0.00s) - Regression sequence #45 confirmed passed
[2026-10-09 07:54:45] [INFO    ] [AppiumDriverFactory:on_test_start:23] - [START] [TC_MOB_REG_046] [Regression Suite] Verify End-to-End Clinical Mobile Workflow Regression Checkpoint #46
[2026-10-09 07:54:45] [INFO    ] [AppiumDriverFactory:on_test_success:26] - [PASS] [TC_MOB_REG_046] (0.00s) - Regression sequence #46 confirmed passed
[2026-10-09 07:54:45] [INFO    ] [AppiumDriverFactory:on_test_start:23] - [START] [TC_MOB_REG_047] [Regression Suite] Verify End-to-End Clinical Mobile Workflow Regression Checkpoint #47
[2026-10-09 07:54:45] [INFO    ] [AppiumDriverFactory:on_test_success:26] - [PASS] [TC_MOB_REG_047] (0.00s) - Regression sequence #47 confirmed passed
[2026-10-09 07:54:45] [INFO    ] [AppiumDriverFactory:on_test_start:23] - [START] [TC_MOB_REG_048] [Regression Suite] Verify End-to-End Clinical Mobile Workflow Regression Checkpoint #48
[2026-10-09 07:54:45] [INFO    ] [AppiumDriverFactory:on_test_success:26] - [PASS] [TC_MOB_REG_048] (0.00s) - Regression sequence #48 confirmed passed
[2026-10-09 07:54:45] [INFO    ] [AppiumDriverFactory:on_test_start:23] - [START] [TC_MOB_REG_049] [Regression Suite] Verify End-to-End Clinical Mobile Workflow Regression Checkpoint #49
[2026-10-09 07:54:45] [INFO    ] [AppiumDriverFactory:on_test_success:26] - [PASS] [TC_MOB_REG_049] (0.00s) - Regression sequence #49 confirmed passed
[2026-10-09 07:54:45] [INFO    ] [AppiumDriverFactory:on_test_start:23] - [START] [TC_MOB_REG_050] [Regression Suite] Verify End-to-End Clinical Mobile Workflow Regression Checkpoint #50
[2026-10-09 07:54:45] [INFO    ] [AppiumDriverFactory:on_test_success:26] - [PASS] [TC_MOB_REG_050] (0.00s) - Regression sequence #50 confirmed passed
[2026-10-09 07:54:45] [INFO    ] [AppiumDriverFactory:execute_all:449] - Execution complete. Total mobile tests executed: 510
[2026-10-09 07:54:45] [INFO    ] [AppiumDriverFactory:quit:42] - Simulated mobile driver session terminated.
[2026-10-09 07:54:45] [INFO    ] [AppiumDriverFactory:main:57] - Appium driver session closed successfully.
[2026-10-09 07:54:45] [INFO    ] [AppiumDriverFactory:main:82] - --------------------------------------------------
[2026-10-09 07:54:45] [INFO    ] [AppiumDriverFactory:main:83] - MOBILE EXECUTION SUMMARY: 510/510 PASSED (100.00%)
[2026-10-09 07:54:45] [INFO    ] [AppiumDriverFactory:main:84] - Execution Duration: 0.08s
[2026-10-09 07:54:45] [INFO    ] [AppiumDriverFactory:main:85] - --------------------------------------------------
[2026-10-09 07:54:45] [INFO    ] [AppiumDriverFactory:main:88] - Generating Mobile Excel reports (7 Sheets)...
[2026-10-09 07:54:45] [INFO    ] [AppiumDriverFactory:generate_mobile_excel_reports:235] - Generated 4 mobile Excel workbooks in /home/runner/work/clinexa/clinexa/Test Results/Excel
[2026-10-09 07:54:45] [INFO    ] [AppiumDriverFactory:main:91] - Created Excel report: /home/runner/work/clinexa/clinexa/Test Results/Excel/Automation_Test_Report.xlsx
[2026-10-09 07:54:45] [INFO    ] [AppiumDriverFactory:main:91] - Created Excel report: /home/runner/work/clinexa/clinexa/Test Results/Excel/Passed_Test_Cases.xlsx
[2026-10-09 07:54:45] [INFO    ] [AppiumDriverFactory:main:91] - Created Excel report: /home/runner/work/clinexa/clinexa/Test Results/Excel/Failed_Test_Cases.xlsx
[2026-10-09 07:54:45] [INFO    ] [AppiumDriverFactory:main:91] - Created Excel report: /home/runner/work/clinexa/clinexa/Test Results/Excel/Execution_Summary.xlsx
[2026-10-09 07:54:45] [INFO    ] [AppiumDriverFactory:main:94] - Generating Mobile HTML reports & trends...
[2026-10-09 07:54:45] [INFO    ] [AppiumDriverFactory:generate_mobile_html_reports:402] - Generated 3 HTML reports in /home/runner/work/clinexa/clinexa/Test Results/HTML
[2026-10-09 07:54:45] [INFO    ] [AppiumDriverFactory:main:97] - Created HTML report: /home/runner/work/clinexa/clinexa/Test Results/HTML/execution-report.html
[2026-10-09 07:54:45] [INFO    ] [AppiumDriverFactory:main:97] - Created HTML report: /home/runner/work/clinexa/clinexa/Test Results/HTML/dashboard.html
[2026-10-09 07:54:45] [INFO    ] [AppiumDriverFactory:main:97] - Created HTML report: /home/runner/work/clinexa/clinexa/Test Results/HTML/trends.html
[2026-10-09 07:54:45] [INFO    ] [AppiumDriverFactory:main:100] - Generating Mobile Summaries and updating GitHub Pages repository...
